CREATE DATABASE  IF NOT EXISTS `grad_db` /*!40100 DEFAULT CHARACTER SET utf8mb3 */ /*!80016 DEFAULT ENCRYPTION='N' */;
USE `grad_db`;
-- MySQL dump 10.13  Distrib 8.0.36, for Win64 (x86_64)
--
-- Host: localhost    Database: grad_db
-- ------------------------------------------------------
-- Server version	8.0.36

/*!40101 SET @OLD_CHARACTER_SET_CLIENT=@@CHARACTER_SET_CLIENT */;
/*!40101 SET @OLD_CHARACTER_SET_RESULTS=@@CHARACTER_SET_RESULTS */;
/*!40101 SET @OLD_COLLATION_CONNECTION=@@COLLATION_CONNECTION */;
/*!50503 SET NAMES utf8 */;
/*!40103 SET @OLD_TIME_ZONE=@@TIME_ZONE */;
/*!40103 SET TIME_ZONE='+00:00' */;
/*!40014 SET @OLD_UNIQUE_CHECKS=@@UNIQUE_CHECKS, UNIQUE_CHECKS=0 */;
/*!40014 SET @OLD_FOREIGN_KEY_CHECKS=@@FOREIGN_KEY_CHECKS, FOREIGN_KEY_CHECKS=0 */;
/*!40101 SET @OLD_SQL_MODE=@@SQL_MODE, SQL_MODE='NO_AUTO_VALUE_ON_ZERO' */;
/*!40111 SET @OLD_SQL_NOTES=@@SQL_NOTES, SQL_NOTES=0 */;

--
-- Table structure for table `administrativedependency`
--

DROP TABLE IF EXISTS `administrativedependency`;
/*!40101 SET @saved_cs_client     = @@character_set_client */;
/*!50503 SET character_set_client = utf8mb4 */;
CREATE TABLE `administrativedependency` (
  `idAdministrativeDependency` int NOT NULL AUTO_INCREMENT,
  `AdministrativeDependency_name` varchar(150) DEFAULT NULL,
  `idUniversity` int NOT NULL,
  `idFaculty` int DEFAULT NULL,
  PRIMARY KEY (`idAdministrativeDependency`),
  KEY `fk_AdministrativeDependencie_University1_idx` (`idUniversity`),
  KEY `fk_AdministrativeDependencie_Faculty1_idx` (`idFaculty`),
  CONSTRAINT `fk_AdministrativeDependencie_Faculty1` FOREIGN KEY (`idFaculty`) REFERENCES `faculty` (`idFaculty`),
  CONSTRAINT `fk_AdministrativeDependencie_University1` FOREIGN KEY (`idUniversity`) REFERENCES `university` (`idUniversity`)
) ENGINE=InnoDB AUTO_INCREMENT=11 DEFAULT CHARSET=utf8mb3;
/*!40101 SET character_set_client = @saved_cs_client */;

--
-- Dumping data for table `administrativedependency`
--

LOCK TABLES `administrativedependency` WRITE;
/*!40000 ALTER TABLE `administrativedependency` DISABLE KEYS */;
INSERT INTO `administrativedependency` VALUES (1,'Student Affairs Office',9,68),(2,'Academic Services Center',3,63),(3,'Research and Innovation Department',15,75),(4,'Career Development Office',11,47),(5,'International Programs Office',15,13),(6,'Student Housing Department',11,21),(7,'Financial Aid Office',10,85),(8,'Health and Wellness Center',16,22),(9,'Diversity and Inclusion Office',17,53),(10,'Alumni Relations Department',2,93);
/*!40000 ALTER TABLE `administrativedependency` ENABLE KEYS */;
UNLOCK TABLES;

--
-- Table structure for table `company`
--

DROP TABLE IF EXISTS `company`;
/*!40101 SET @saved_cs_client     = @@character_set_client */;
/*!50503 SET character_set_client = utf8mb4 */;
CREATE TABLE `company` (
  `idCompany` int NOT NULL AUTO_INCREMENT,
  `name` varchar(100) DEFAULT NULL,
  `area` varchar(45) DEFAULT NULL,
  PRIMARY KEY (`idCompany`)
) ENGINE=InnoDB AUTO_INCREMENT=21 DEFAULT CHARSET=utf8mb3;
/*!40101 SET character_set_client = @saved_cs_client */;

--
-- Dumping data for table `company`
--

LOCK TABLES `company` WRITE;
/*!40000 ALTER TABLE `company` DISABLE KEYS */;
INSERT INTO `company` VALUES (1,'FutureTech Innovations','Artificial Intelligence'),(2,'GreenTech Solutions','Environmental Technology'),(3,'Financial Dynamics Inc.','Investment Banking'),(4,'HealthTech Industries','Medical Devices'),(5,'Creative Minds Agency','Advertising'),(6,'FoodLab Innovations','Food Science'),(7,'LogiPro Solutions','Supply Chain Management'),(8,'Urban Builders','Real Estate Development'),(9,'BioGenix Labs','Genetic Engineering'),(10,'Fashionista Inc.','Fashion Retail'),(11,'TechNova Solutions','Information Technology'),(12,'Global Energy Innovations','Renewable Energy'),(13,'InnovateWorks Corporation','Product Development'),(14,'MediCare Solutions Group','Healthcare Consulting'),(15,'SecureNet Technologies','Cybersecurity'),(16,'SmartLabs Research','Biotechnology'),(17,'DataDriven Insights','Data Analytics'),(18,'WebWorks Interactive','Web Development'),(19,'EduTech Solutions','Education Technology'),(20,'NanoTech Industries','Nanotechnology');
/*!40000 ALTER TABLE `company` ENABLE KEYS */;
UNLOCK TABLES;

--
-- Table structure for table `contactinfo`
--

DROP TABLE IF EXISTS `contactinfo`;
/*!40101 SET @saved_cs_client     = @@character_set_client */;
/*!50503 SET character_set_client = utf8mb4 */;
CREATE TABLE `contactinfo` (
  `idContactInfo` int NOT NULL AUTO_INCREMENT,
  `address` varchar(200) DEFAULT NULL,
  `personal_EmailAddress` varchar(45) DEFAULT NULL,
  `edu_EmailAddress` varchar(45) DEFAULT NULL,
  `first_Phone` varchar(50) DEFAULT NULL,
  `second_Phone` varchar(50) DEFAULT NULL,
  `idGraduate` int NOT NULL,
  PRIMARY KEY (`idContactInfo`),
  UNIQUE KEY `personal_EmailAddress_UNIQUE` (`personal_EmailAddress`),
  UNIQUE KEY `edu_EmailAddress_UNIQUE` (`edu_EmailAddress`),
  KEY `fk_ContactInfo_Graduate1_idx` (`idGraduate`),
  CONSTRAINT `fk_ContactInfo_Graduate1` FOREIGN KEY (`idGraduate`) REFERENCES `graduate` (`idGraduate`)
) ENGINE=InnoDB AUTO_INCREMENT=1024 DEFAULT CHARSET=utf8mb3;
/*!40101 SET character_set_client = @saved_cs_client */;

--
-- Dumping data for table `contactinfo`
--

LOCK TABLES `contactinfo` WRITE;
/*!40000 ALTER TABLE `contactinfo` DISABLE KEYS */;
INSERT INTO `contactinfo` VALUES (1,'89220 Brian Plains Suite 510\nNorth Dawnfurt, MD 61907','jbennett@example.net','wendy77@example.com','(354)370-4802','454-768-9019x285',5568),(2,'240 Johnson Mall\nNew Aprilburgh, FL 55631','cruzshelby@example.com','haleybobby@example.com','(736)249-0348','001-710-426-2859x525',5568),(3,'96013 Margaret Brook Apt. 021\nRobertland, NY 31421','trevinocalvin@example.net','amanda11@example.org','(368)702-8033x6210','+1-642-855-5268x4078',5568),(4,'05618 Mark Loop\nNew Kimberly, FL 98622','mlee@example.com','ochoapaige@example.org','(543)841-4595','715.449.0476x9663',9304),(5,'1851 Jackson Fields\nNew Cheryl, MN 45843','pricekristina@example.net','trevor26@example.com','454-386-6080x513','(201)309-7726',9304),(6,'0988 Harris Path\nPort Jaredburgh, GA 98016','melissamcmahon@example.net','lauranelson@example.com','228.554.8047','001-813-386-2242x22397',9304),(7,'84752 Kyle Curve\nPort Heatherland, ND 68200','luke06@example.net','jamie45@example.org','482.290.1236x010','+1-409-726-0742x89003',9754),(8,'08779 David Greens\nPort Rose, FM 63056','swolf@example.net','nancy21@example.net','275-285-0851x5228','779.721.7336',9754),(9,'86922 Kevin Fields\nRobinfurt, NC 39548','pvillanueva@example.net','lauriebraun@example.com','3135281588','336-850-3242',9754),(10,'Unit 8863 Box 1584\nDPO AE 40077','christina76@example.org','kathleen72@example.net','001-543-946-7921x77251','+1-511-340-0234x468',9754),(11,'0696 Rodriguez Manors Apt. 541\nThomasport, NV 81419','william88@example.net','maciaslaura@example.com','(843)936-4906x2025','985-969-7367',10333),(12,'PSC 0066, Box 1835\nAPO AA 43053','keith48@example.com','bmorgan@example.com','414-206-2864','591.898.1364',10333),(13,'565 Anthony Alley\nPort Dianabury, KY 30735','ybennett@example.com','michellethomas@example.net','001-630-898-6672x48952','299.540.2363',10985),(14,'USS Howe\nFPO AP 27456','ahayes@example.org','gmartin@example.org','537-621-2299x8877','958-835-0507',11776),(15,'20947 Juarez Crest\nMichaelfort, PR 75894','stephanie18@example.org','adam53@example.net','+1-803-618-0170x25860','321-353-5035',11776),(16,'74435 Linda Underpass Suite 811\nEast Angelaview, OK 44030','coxryan@example.com','rachel48@example.com','+1-396-992-2966x6314','(498)379-6345x2157',11776),(17,'16325 Amanda Wall\nSouth James, NM 54658','melissa33@example.net','thomasgarcia@example.com','977.849.6773x954','849.526.6365',13433),(18,'8004 Nicholas Port Apt. 575\nSmithburgh, IA 44794','robertyu@example.net','vjensen@example.org','583-654-8010x21455','(488)698-2134x67846',13433),(19,'062 Rojas Fork Suite 252\nAdriennemouth, HI 56025','kristindawson@example.net','chapmanstephanie@example.com','438-831-5645x1608','(581)724-4576x7729',13433),(20,'2074 Michael Gardens\nKimberlyhaven, TN 88034','briangray@example.com','valenciaanthony@example.org','566.947.5507x507','(515)886-3714x8407',13433),(21,'37390 Gomez Forks Suite 792\nPort Marvin, RI 85422','paulkathleen@example.org','stevenwood@example.com','304-430-2281x127','367-250-0028x82083',13433),(22,'Unit 4197 Box 5898\nDPO AP 33287','longalexander@example.org','mcross@example.net','001-877-733-1860x99521','(395)833-4471x61920',28156),(23,'1186 Deanna Locks\nLake Carla, NV 84141','vmiller@example.net','randallturner@example.net','+1-982-744-4058x0982','(350)800-9851',46782),(24,'39343 Chen Parkways Apt. 063\nMaryland, KS 54355','chadanderson@example.com','emurphy@example.net','001-237-785-1477x97387','(304)596-7050x8671',57597),(25,'18690 Matthew Stream\nNew Matthewfurt, CT 85658','sandra77@example.net','jenniferstephens@example.net','(884)945-5924x6834','341.846.7322x20605',60159),(26,'PSC 2025, Box 1595\nAPO AA 91260','wstrong@example.org','michelle01@example.com','+1-790-803-6698x6446','730.604.8353x36360',62275),(27,'2903 Mccarthy Causeway\nScottshire, SD 62514','olivia37@example.org','shannonbender@example.net','574.803.0478x11774','400.299.0926x564',62275),(28,'991 Hebert Stravenue Apt. 131\nLake Steven, TN 78894','rachel36@example.com','emilythompson@example.com','7513863570','(504)276-9167x119',67260),(29,'PSC 8530, Box 8328\nAPO AE 64019','ibowen@example.net','tmarshall@example.com','3279620341','933-914-5538x6126',67260),(30,'7213 Wendy Cove Apt. 192\nRaymondchester, PW 92574','bradleywilliams@example.com','wfoster@example.org','001-444-861-3997','3357499275',67260),(31,'08420 Reynolds Hill\nHarperville, AL 01355','lisa22@example.net','tturner@example.net','001-763-795-7052x038','(405)961-4856',75581),(32,'401 Lara Club Apt. 837\nEast Kimberlyview, MI 83988','williamparks@example.net','woodarddouglas@example.org','5614262858','597.799.7867',75581),(33,'582 Roberts Inlet Apt. 294\nSullivanmouth, NY 56903','michael68@example.net','brandonwilliams@example.com','001-587-285-1310x0547','+1-832-227-5346x815',75581),(34,'52830 Castaneda Centers\nLake Michael, TN 96622','john86@example.org','julia08@example.com','651.582.5735x79657','(306)758-6273',75581),(35,'658 Catherine Stream Apt. 519\nEast Stephanieview, NV 08509','wallacewilliam@example.net','jasmineharrison@example.org','001-620-952-1549x0117','(396)417-0033',76296),(36,'2254 Candace Inlet Apt. 288\nMichaelshire, RI 68937','wlee@example.org','mcbrideeric@example.org','+1-982-378-5462','(913)423-3835x04150',78250),(37,'PSC 4454, Box 0247\nAPO AE 53262','hoganallen@example.net','usherman@example.com','(526)706-9567','381.258.8071',79995),(38,'423 Heidi Courts Suite 532\nGaryberg, CA 10835','freemanandrea@example.net','mooremegan@example.org','+1-360-266-6308x29609','+1-393-661-0642x856',79995),(39,'04789 Kyle Trace\nNorth Anna, KY 41070','bvega@example.org','fcook@example.com','575-942-1441','(864)670-7027x14658',79995),(40,'011 Michael Walks Apt. 195\nNorth Haleyhaven, KY 14902','janice22@example.org','bhampton@example.com','764-922-9017','(296)371-5246',79995),(41,'PSC 8748, Box 3495\nAPO AA 96124','kcampbell@example.net','omeyer@example.net','973.748.4691x11599','+1-466-269-6107',81795),(42,'8906 Hanson Garden Apt. 648\nHendersonhaven, PA 05846','ccastillo@example.net','fieldslucas@example.com','(651)928-9280x20595','+1-600-386-5450x6758',81795),(43,'4086 Mendoza Islands\nNew Joseville, PA 26843','idaugherty@example.net','vasquezkara@example.com','896-381-7708x65422','948-316-6171x18579',82512),(44,'186 Wilkerson Island Suite 942\nSouth Xavierland, PA 93345','alvin59@example.com','rhaley@example.net','804.615.8255x424','001-618-343-9528x99827',87246),(45,'83355 Simpson Lodge Apt. 048\nEast Tanyabury, PW 77751','james07@example.net','dianerodriguez@example.com','5942580531','812-860-5822x657',88590),(46,'082 Kevin Turnpike Suite 821\nMaureenfurt, AK 56061','rogerskristen@example.net','dawnfoster@example.org','357.234.8924','001-610-634-4011x1200',88590),(47,'2750 Tyler Springs\nGillland, VI 14123','icummings@example.com','noah56@example.com','208.264.1016x73719','2177438077',88590),(48,'8293 Johnson Lights Apt. 911\nRickyshire, NY 60600','markhurst@example.com','lisabailey@example.org','+1-848-707-6348x126','3856810327',88590),(49,'1820 Cochran Path\nWest Gracechester, MN 77895','lisa84@example.org','hardinryan@example.net','629-244-4778','+1-838-250-9321x353',88590),(50,'721 Taylor Squares Apt. 326\nDavidfort, AS 21653','thomas22@example.com','matthew37@example.com','888.329.5502x6824','828-362-5202',94301),(51,'99539 Amber Loop\nBuckleymouth, NM 50630','calebfletcher@example.org','bspencer@example.org','683.726.2147x76666','259-842-8619x31882',94301),(52,'520 Steven Ridges\nNorth Lisaside, ND 21883','imiles@example.com','sallymitchell@example.org','852.209.0123','623.552.8317x4206',94301),(53,'012 Sabrina Meadow\nStonehaven, KS 99945','pphillips@example.org','smithrebecca@example.com','362-635-5032x257','(516)913-1111x5875',94301),(54,'8390 Hall Springs Suite 288\nNew Thomas, PR 59747','john13@example.net','brittany05@example.org','217.549.6279','340.676.8522x429',95624),(55,'1952 Laura Road Apt. 527\nNorth Jenniferberg, PW 32913','cooleymarie@example.com','jeannemoore@example.com','001-730-262-8710x203','+1-801-563-9698x6901',95624),(56,'085 Gonzales Rue Apt. 576\nRosschester, MI 68683','ashley32@example.org','michellecarey@example.net','(788)866-6175','(365)825-8741x5271',95624),(57,'5245 John Corners\nSouth Katrina, GU 97414','alexanderfitzpatrick@example.com','leah97@example.net','467.398.4667x0789','402-984-5573',95624),(58,'439 Richard Summit\nIsaacborough, OK 88378','josephleonard@example.org','paguilar@example.com','216-262-6087','(333)292-7968x2894',95624),(59,'284 David Road\nSouth Sherri, AZ 33438','harpersarah@example.com','robertcruz@example.org','612-960-0626x808','8199960611',99322),(60,'817 Dawn Isle Apt. 668\nJamieburgh, MN 60525','rbeltran@example.com','andrewshaw@example.net','(578)466-7418x696','001-819-762-3520x1246',99322),(61,'PSC 7236, Box 4551\nAPO AA 69792','geraldmyers@example.org','wperkins@example.net','+1-970-771-9091x124','(338)954-4036x092',100203),(62,'7800 King Squares\nPort Warrentown, SC 69144','matthew90@example.net','aaron13@example.org','(749)793-9295x1469','707-760-0519x21421',111179),(63,'031 Linda Forges\nWheelerberg, RI 40075','ryan67@example.com','jonathanesparza@example.com','412-578-1948x59077','6347362651',111179),(64,'853 Joe Lodge Apt. 322\nSouth Amy, ID 85947','acarlson@example.net','garciamichael@example.com','397-289-0386x9572','791-370-9308x69481',113471),(65,'2238 Mercer Flat\nSouth Paulberg, KY 74401','franciskristy@example.net','gevans@example.com','906.808.9445','(221)797-1955x74115',113471),(66,'23886 Cantrell Spur Suite 618\nLake Lisastad, OR 71990','brittany23@example.net','kaufmanjulia@example.net','+1-362-354-0800x726','(553)649-4983',113471),(67,'89092 Bullock Spur Suite 919\nLake Jonathan, WY 78998','mitchelllaurie@example.com','dakotadaniel@example.org','+1-272-691-8201x4875','689.649.2115x922',115640),(68,'10959 Clark Ports Suite 315\nWest Andrewside, NJ 02052','charlestaylor@example.org','rollinsderek@example.net','001-294-699-8374','+1-976-562-7358x67685',115640),(69,'010 Michael Ways Apt. 876\nNew Bethany, SC 99627','jeremy19@example.com','russelldiana@example.com','880-272-5041','2295256687',115640),(70,'66708 Emma Bypass\nMasonberg, NE 74995','saradouglas@example.org','neil96@example.net','212.256.4960x89144','839.924.9874',115640),(71,'4422 Miller Row\nStephensonfurt, OH 90215','sandrathomas@example.org','brian13@example.org','761.681.5008','706-329-4803x98160',121270),(72,'7374 Riley Hills\nAnthonyside, HI 65712','angelicagallagher@example.net','stevencampbell@example.net','(364)438-9566x61449','7124402444',121270),(73,'03532 Barbara Springs\nLake Rickside, NC 83480','abarrett@example.net','stevennewman@example.org','(917)575-8773x9663','879-515-5716',121270),(74,'6508 Lewis Trail\nOwenville, NJ 71460','johnbooth@example.org','freycarolyn@example.net','3788649479','001-904-403-3462x500',121270),(75,'422 Barton Camp\nPort Brookeview, MH 53007','kaylacampos@example.com','michaeltucker@example.org','+1-767-860-7278x912','001-435-230-9030',121270),(76,'PSC 1861, Box 3724\nAPO AE 89974','michaelgilbert@example.com','zbaker@example.com','(258)650-9950','(233)292-9349',138872),(77,'46632 Amber Row\nFrederickstad, NY 60769','brennancurtis@example.net','andersoncaroline@example.net','8823927357','937.474.0419',139538),(78,'1504 Greer Stream\nNew Christophershire, NV 43682','jennifer45@example.com','taylorchristine@example.net','+1-926-321-4369x523','+1-869-633-1424x97573',139538),(79,'335 Shannon Shoal\nNorth Jacob, VA 34873','mbrooks@example.org','sherri64@example.org','982.231.4284','+1-504-330-2874x8270',139538),(80,'660 Roth Parkways\nJeanneberg, MT 49822','vjarvis@example.net','williamsanders@example.com','001-322-869-7615x66595','+1-847-790-7237x65321',139538),(81,'905 Williams Mountain Apt. 472\nAdrianshire, MH 79010','james00@example.net','ericsmith@example.net','346.309.0918','208-536-8454',140371),(82,'19324 Mackenzie Meadow\nLake Lisastad, MP 21885','brandonmartinez@example.org','kevin91@example.com','001-960-956-9582x9670','828.531.0275',140371),(83,'8900 Moore Plains\nPort Kristinchester, MA 32293','susanmartinez@example.com','chamberslauren@example.com','6524804299','+1-345-720-5493',143609),(84,'0298 Samuel Run\nPaulland, NY 90830','pricebenjamin@example.com','ywyatt@example.net','5095537190','+1-802-915-1044x9653',144440),(85,'USNS Potter\nFPO AP 32922','markhaley@example.org','lindseywilliams@example.org','001-432-468-3130x50133','501-635-8371x552',144440),(86,'694 Robert Creek\nWest Brian, IL 67068','vgreen@example.org','sonia43@example.org','(505)606-6631x56283','844.354.2606x609',146519),(87,'36877 Steven Port\nPort Lindamouth, MH 95643','charles77@example.com','collinsjohn@example.com','5226209347','+1-515-271-1841',146647),(88,'297 Brandon Isle\nArianatown, MS 32626','lgarza@example.net','stanleykatherine@example.org','900.212.6335','530-438-1606x3396',155351),(89,'535 Jasmine Trace Suite 803\nBowmanburgh, FM 35676','brichards@example.com','elizabeth99@example.org','+1-443-330-9759x484','8208440060',155351),(90,'78095 William Crossing Apt. 664\nNorth Steventown, ND 92561','tamara00@example.org','taylortanya@example.net','(731)437-6771x64628','(409)384-0250',155351),(91,'878 April Field Apt. 790\nPort Michelefort, CT 43501','hensondavid@example.net','charlesshields@example.com','(828)678-9331x23113','463-645-8019x620',155351),(92,'3175 Gordon Creek Apt. 238\nPort Patriciaton, AS 09884','hernandezrobert@example.com','stephaniechung@example.org','(920)351-5853','489-790-4333',155351),(93,'255 Benjamin Station Apt. 850\nLake Justin, TN 20374','jonathan81@example.org','uhopkins@example.net','(810)216-8803x91988','(464)517-5995',161685),(94,'PSC 7671, Box 5931\nAPO AE 99653','medinadiana@example.org','plewis@example.net','659.677.9365x5960','(213)877-3246x4826',161685),(95,'8047 Dixon Harbor\nNew Robert, MD 31877','laura53@example.org','martineric@example.com','+1-953-799-2609','(385)219-4748x932',161685),(96,'98642 Peterson Mountains Suite 019\nWilsonchester, UT 15852','mariabryan@example.net','fortega@example.com','001-471-500-3326x02574','+1-866-886-1872',161792),(97,'5426 Williams Branch\nLake Tina, TN 65683','brad65@example.net','eford@example.org','(359)391-7913','472-561-3528x77153',161792),(98,'7330 Jamie Trail Suite 796\nSouth Beth, NV 36890','simmonschristopher@example.net','grandall@example.net','203.886.6848','001-920-553-0666x403',161792),(99,'15080 Victoria Hill Suite 422\nAllenhaven, MA 13334','beankathleen@example.org','hbullock@example.com','282.531.3339x377','567-468-7367x9641',170827),(100,'8115 Paul Summit Apt. 818\nSouth Christinaberg, PA 82729','rebekah49@example.net','harpermary@example.org','001-460-825-1981x8948','697-577-3668',173543),(101,'46356 Dennis Gardens\nCharlesside, LA 63133','fordjames@example.org','peterdodson@example.org','5436342244','(905)876-3542x5901',173543),(102,'63264 Black Flats\nHernandezton, MO 84558','mckinneymichael@example.net','kendraleonard@example.net','675-880-0048','001-328-639-9782x7098',174365),(103,'72163 Gregory Mills\nMartinland, IL 77412','mcox@example.net','suebrown@example.com','9252223563','(611)673-3038x3135',174365),(104,'PSC 5258, Box 6630\nAPO AE 15866','johnsonlisa@example.net','mark82@example.net','+1-559-859-3203x201','(984)368-9684',174365),(105,'02617 Michael Fort Apt. 514\nNew Jillshire, PW 87700','jenniferwong@example.com','amiller@example.net','001-334-929-8279x882','001-419-426-6466',174365),(106,'80587 Carlos Oval\nBrowningbury, CT 12115','chelseyduarte@example.net','yfitzpatrick@example.org','440.306.4612x44281','410.280.6498x73092',179222),(107,'8890 Benton Island Apt. 625\nLauramouth, CO 62483','leonardnguyen@example.com','lisa26@example.net','(512)359-6629x03809','883.392.0997x591',179222),(108,'1704 Peter Path\nEmilyside, VI 85144','stephaniecarroll@example.org','mcgeeanthony@example.org','(573)582-4220x571','(244)269-2620x6674',179222),(109,'USNV Wagner\nFPO AP 66875','misty36@example.com','jspears@example.net','001-807-896-1754','(585)620-8268x18914',180509),(110,'22009 Samantha Ports Apt. 330\nEast Josephshire, OH 22143','andreaglenn@example.net','jacobhansen@example.net','(722)240-0013x5143','374.625.3209',180509),(111,'439 Rhonda Points Suite 893\nWest Brittany, AL 94349','hernandezjoseph@example.net','bchase@example.org','754-349-7486x405','001-650-914-8553x75922',180509),(112,'413 Daniels Locks Apt. 847\nPort Sarah, NY 93235','woodsscott@example.org','michele88@example.org','697-450-7591','513.437.5717x64485',180509),(113,'2834 Phillips Hill Apt. 770\nSteventon, CA 68473','masonjames@example.net','tprice@example.com','001-388-530-0653x122','244-933-6864x9247',187089),(114,'363 Williams Plains Apt. 093\nPort Tyler, NC 02040','sharonhendrix@example.org','christopher49@example.net','534-358-6229x401','+1-804-683-4204x693',194388),(115,'36826 Lawrence Club\nStephanieside, WA 66181','sanderskathryn@example.org','sherman@example.net','393.599.6399x6709','711-820-8981x91830',194388),(116,'97546 Mcdowell Corner Suite 612\nHeidibury, MS 50064','geraldhorton@example.com','georgenichols@example.org','+1-840-489-6513','5618527520',194388),(117,'211 White Dale\nMichaelstad, UT 14817','marcus73@example.com','bmoon@example.com','+1-384-849-2824','001-411-686-8581x34039',194388),(118,'USS Ortega\nFPO AE 38002','gabriellaelliott@example.net','andrew26@example.org','903-438-7872x152','3329889163',194388),(119,'49947 Jonathan Vista\nAntonioburgh, AL 20381','bakerlindsay@example.com','alexandraoneal@example.org','716-675-8513x0930','4368660710',206228),(120,'USS Howard\nFPO AA 69667','joshua55@example.net','brandon90@example.com','9905799814','+1-669-814-9693x4804',212258),(121,'1885 Carolyn Parks Apt. 146\nFordton, OK 04840','qdavis@example.com','cynthiahodges@example.net','694-774-8485','9413432671',212258),(122,'771 Timothy Loaf Apt. 668\nMoniqueshire, GU 22476','bharris@example.com','ramirezerica@example.net','972.692.6533x2894','3519046925',212258),(123,'18986 Christopher Port\nNorth Katie, MH 01294','ashleyphelps@example.org','rachelcox@example.com','2186652309','(917)488-1755x829',213129),(124,'3893 David Burg Suite 049\nWest Erictown, ID 87577','elizabeth79@example.net','dsutton@example.com','671-411-8801','211.905.4950x565',214493),(125,'1845 Robert Stream Suite 863\nMillermouth, TN 94784','jgomez@example.com','thomasthompson@example.org','(507)409-9359','941-988-2406x6611',215231),(126,'68815 Rosales Isle Suite 683\nWongtown, WY 63246','tylerbaker@example.org','jamessampson@example.org','001-758-352-4772','(444)496-7988x970',215231),(127,'0639 John Villages Apt. 228\nCalderonside, KS 49766','walkeraustin@example.com','smithmisty@example.net','968.775.6610x54738','(598)785-3427x062',215231),(128,'4690 Dennis Isle\nSarahport, WA 16771','meyerswilliam@example.com','flong@example.org','001-491-205-2156','8526692132',215231),(129,'163 Bryant Locks\nSotoburgh, MI 02505','irojas@example.com','taylor36@example.org','382-780-9883x4486','759.969.0888',215231),(130,'384 Hammond Squares\nFarmerview, WI 53588','colonjasmine@example.com','alexandrahuerta@example.com','987.435.0685','001-784-376-3210',217804),(131,'918 Kelly Hill Apt. 801\nPort William, DC 53437','brian64@example.net','lauracharles@example.net','001-927-414-0812x88963','506.830.9057',217804),(132,'627 Brooks Pine\nNorth Dustin, TN 38356','glee@example.net','brownjasmin@example.com','439.279.0212','(802)483-9199',219426),(133,'20465 Booker Springs\nLake Karenfort, SC 64252','jonathananderson@example.com','judy66@example.com','(938)696-9307','977-375-1057',219426),(134,'15193 Fitzpatrick Harbors\nLake Drewmouth, OK 00998','paulaking@example.com','sabrina23@example.org','977-355-1212x8163','(865)300-6121x72856',219426),(135,'133 Lin Village Apt. 673\nNew Randy, MS 49957','kylethompson@example.com','felicia50@example.org','001-280-490-5281x6725','+1-711-699-7436x0911',219426),(136,'08111 Lisa Estates Apt. 831\nMorganmouth, VA 63934','brittanyhall@example.net','dunnstacy@example.org','+1-420-397-0154x88036','464-285-5144x5957',221375),(137,'143 Michael Forest Apt. 997\nSmithberg, UT 28554','wendy04@example.net','umorton@example.net','731-712-8311x7353','+1-457-584-6213x120',221375),(138,'263 Dana Route Suite 389\nSherylland, CO 01445','jthomas@example.net','brian24@example.org','6675105072','770-543-2064x3778',221375),(139,'6463 Brian Fields\nSouth Codybury, NY 20141','cwillis@example.net','elizabeth13@example.org','(953)796-3066x456','262-781-9921x24704',221375),(140,'PSC 8126, Box 7357\nAPO AA 26764','josephjohns@example.com','jacksonamy@example.net','665-738-7418','6603124764',227399),(141,'426 Martin Key\nEast Andrea, PA 04106','erik65@example.com','sara95@example.net','(747)319-8248x18168','001-430-305-7513x736',240365),(142,'47380 Gary Centers Suite 574\nEast Jenna, MH 87182','kbrown@example.net','michael81@example.net','208-485-0296','266-821-2688x130',240365),(143,'66708 Phillip Views Suite 573\nLake Ryan, MD 41496','troy25@example.org','james37@example.net','+1-779-260-5391x77203','001-309-240-0191x922',240365),(144,'4158 Bautista Mall\nWest Wendy, MA 49682','emiles@example.com','joanneevans@example.com','(322)269-7269x605','001-958-549-0424x1679',240365),(145,'5027 Stephanie Burgs\nWest Lisaborough, IN 98546','mrocha@example.com','stevenmiller@example.com','001-475-918-4328x92351','2913626573',240365),(146,'4872 Stephanie Canyon\nSouth Anitatown, LA 18580','lisastevens@example.net','trujillochristina@example.net','001-619-676-0134x9529','+1-967-319-3093x74513',241874),(147,'9469 White Crescent Suite 313\nStewartberg, VI 40438','smithmichael@example.org','sandy11@example.org','(900)743-2442x0965','286.706.5623x800',241903),(148,'1658 Robert Gardens\nBradleyside, MO 67732','james75@example.com','zjohnson@example.org','+1-337-517-4715x6584','(562)953-8251x8866',241903),(149,'883 Walker Dam\nMartinbury, CT 46636','shanebell@example.net','morganmarcus@example.com','+1-707-421-9628x09370','992.889.3916',241903),(150,'01262 Michael Spring\nDrakechester, SD 53998','ncollins@example.com','scottpaul@example.com','(422)905-0792x09111','(978)332-8988x99151',241903),(151,'3753 Isaiah Parkways Suite 430\nWest Dannybury, SC 79282','cristina53@example.net','micheal73@example.net','413.728.1011x47947','+1-857-987-5409x775',245386),(152,'6773 Davis Unions\nJacksonfurt, WY 85087','rachelvargas@example.net','kathleen68@example.net','(555)744-9977x90910','8095080232',245386),(153,'3452 Anna Crossroad\nCampbellbury, WY 90465','judy53@example.net','edward54@example.net','+1-267-273-0778x7608','001-569-765-5624',245386),(154,'2403 Ryan Coves Suite 351\nSouth Cody, AR 53807','michael87@example.net','moorethomas@example.org','(576)699-3522','3945647945',245386),(155,'730 Hall Mountain Suite 700\nNew Kimberlymouth, DC 19995','jenniferfitzgerald@example.org','elliottjulie@example.net','(407)663-5129x599','662-524-7080',250515),(156,'23995 Ramirez Divide Suite 007\nDianachester, CT 86096','matthewparker@example.net','lindseynguyen@example.com','532-630-4994','921-278-1530',251417),(157,'67539 Wall Ways Apt. 142\nAmychester, LA 57094','cmeyer@example.com','mike63@example.net','(552)624-5934x966','(908)389-6485x158',257234),(158,'7411 Darren Plaza\nDavidville, GU 43293','harmonkathleen@example.com','sgordon@example.org','704.853.7091','001-269-903-1650',280436),(159,'8066 Blankenship Stravenue Suite 417\nNorth Caitlin, KY 26809','richardprice@example.net','barnespamela@example.net','001-690-903-9215x9260','415.509.5326x12087',280436),(160,'80620 Todd Islands Apt. 783\nPort Robert, WI 00651','sarahmartinez@example.com','pjohnson@example.org','232-421-1135x13200','+1-405-805-4692x86855',280436),(161,'8408 Mcguire Valleys Apt. 190\nWest Stevenview, TX 44554','hstevens@example.org','rhurst@example.com','935-526-9324x484','+1-574-391-9579x94930',281685),(162,'USNS Rodriguez\nFPO AE 02005','qsawyer@example.com','andrea82@example.com','(728)450-5023','(320)358-8214x926',281685),(163,'668 Jerry Key Suite 590\nBradfordburgh, HI 61077','jsanchez@example.org','rrusso@example.org','001-719-944-6168x28192','812.224.2142x265',297188),(164,'PSC 8895, Box 6827\nAPO AE 76777','stoneann@example.net','bsmith@example.net','+1-351-536-3019x4525','249.849.0847',299664),(165,'384 Allen Spurs Suite 989\nClaytonburgh, IN 48111','rickeyacevedo@example.net','rachelbarker@example.net','001-544-444-0889','846.828.9327',299664),(166,'13780 Amanda Crescent\nFosterchester, SC 89278','eowen@example.org','wadedavid@example.net','(998)768-7766','001-373-203-2105x4288',299664),(167,'180 Wright Parkway Suite 480\nNicholasport, FM 89862','juarezchristine@example.com','jacksondaniel@example.com','+1-390-751-7299x35604','345.641.2756x805',299664),(168,'2985 Russell Freeway\nAmandahaven, NC 60371','ymedina@example.org','mooremegan@example.net','+1-915-792-4813','211.840.5102',306820),(169,'96768 Hayes Lights Apt. 234\nSouth Raymond, MP 49356','lorilee@example.org','aguilarjoseph@example.com','+1-652-737-4349','558.618.4915',306820),(170,'933 Alice Overpass Suite 222\nPort Robertborough, ID 08905','mariabanks@example.com','nataliejones@example.com','527.581.7865','696.704.6585',306820),(171,'76893 Adams Shores\nWest Patrick, AK 63510','ewilliams@example.org','igay@example.net','(629)815-6269x722','691-897-7833x30653',306820),(172,'7817 Bryan Lodge\nHoodstad, MT 98753','campbelltamara@example.net','martinmercer@example.net','(226)359-2138','+1-315-841-4966x65182',316666),(173,'611 Austin Mountains\nCarolynborough, RI 92055','gary57@example.net','qmartin@example.net','669-632-7222x45230','001-811-453-9048',326347),(174,'USNS Delgado\nFPO AA 53798','kathleenespinoza@example.net','dsimmons@example.org','380-431-8793','8816463549',327410),(175,'USCGC Dean\nFPO AE 24649','michelle63@example.com','ehendricks@example.com','001-678-500-0716','+1-372-626-9259',341464),(176,'10306 Scott Mews\nLake Jeffrey, UT 49393','annfischer@example.com','wdiaz@example.com','813.403.6172x7246','+1-300-236-9434x381',345219),(177,'517 Gabriel Lodge\nDerrickburgh, NM 33766','rbooth@example.org','robert36@example.org','929-554-4620x176','(619)638-0064',345219),(178,'224 William Fall\nPort Claudiaville, TX 32889','tammy74@example.net','hodgeslauren@example.com','+1-676-324-9741x2767','001-845-852-2158x9615',345219),(179,'00226 Cooley Ridge\nLake Lesliestad, KY 36352','adamphillips@example.org','sierra47@example.net','6609416314','418.554.5733x43011',348289),(180,'14397 Jennifer Station\nWest Karen, AZ 46710','thomasclinton@example.net','joshua13@example.net','321.755.5559x449','+1-506-464-2414x30424',348289),(181,'396 Nichole Road\nAndersenview, SC 94894','heidi05@example.org','sdavis@example.net','(344)602-7841x843','(587)898-2500x265',360916),(182,'PSC 4251, Box 0750\nAPO AA 65895','jose72@example.net','christopher13@example.org','385.369.1677x122','(881)914-2081x4153',360916),(183,'713 Roberts Radial\nClementsmouth, MP 79227','davidcarter@example.org','julie16@example.org','+1-740-445-3237x1793','(373)941-1325x542',360916),(184,'614 Gonzales Stream Apt. 711\nNew Williamland, CT 70498','raguilar@example.com','brobles@example.com','8765616610','654-973-7661',360916),(185,'13156 Monica Cliff\nDavidmouth, WY 57944','rpayne@example.org','bradmiller@example.net','3316270620','+1-783-930-9709x95090',365942),(186,'USNS Wright\nFPO AP 29265','amanda33@example.com','gwhite@example.com','001-428-764-4911x947','737-951-0093x731',369846),(187,'6961 Ward Walks Apt. 322\nJulieview, IA 89591','johnmoore@example.com','brooke89@example.net','+1-393-943-5696','+1-201-527-2542x6473',369846),(188,'133 Kimberly Burgs\nSouth Jodi, IA 74135','davidgraves@example.org','pittsgeorge@example.org','+1-420-833-3867x66022','987.602.6701x1099',369846),(189,'27463 Simpson Mall\nMcclureport, MD 62141','bstone@example.net','zryan@example.com','+1-633-779-3817x19176','547-974-6438',369846),(190,'USCGC Gallegos\nFPO AE 91824','jamie56@example.net','crystal30@example.org','001-406-561-5278x010','317-929-5664x88004',369846),(191,'1064 Margaret Valleys Apt. 671\nStephanieberg, ME 32734','blakefelicia@example.net','cunninghamchristopher@example.net','+1-568-378-7394x76000','+1-224-374-4889x564',374374),(192,'406 Mercedes Viaduct\nJohnsonview, MD 28125','lewismark@example.com','laceygoodwin@example.com','6686146146','001-588-943-6748x342',374374),(193,'51968 Stanley Freeway\nMaloneton, AK 73389','mark56@example.net','melissawu@example.com','6419812537','001-481-729-1915x271',374374),(194,'35917 Andrew Valleys\nMataview, IL 69794','jenniferbrown@example.net','emily11@example.net','+1-510-849-3104x90512','529.594.4515x6171',374374),(195,'605 Curry Tunnel\nWilsonshire, GU 31366','chapmanashley@example.com','lori74@example.net','684.798.6545','581.719.7629',374374),(196,'USCGC Woods\nFPO AA 94996','reedrebecca@example.net','kimberlybaker@example.com','(408)510-7435x88512','001-781-309-2449x872',385266),(197,'511 Baker Field Suite 889\nKristyburgh, SC 28012','williamsrichard@example.com','ycurtis@example.org','301-735-4707x29313','+1-298-597-5642x2558',385266),(198,'904 Ryan Ports\nEast Alan, MN 48045','rebecca06@example.org','rmolina@example.org','814-733-9229','848.905.4473x067',386378),(199,'077 Moore Viaduct\nSmithburgh, GU 25420','jacqueline44@example.net','lisa42@example.net','719.978.1154','738-406-3505x6403',386378),(200,'362 Michael Ville Apt. 841\nLake Patricia, CA 76111','andersonmichael@example.net','tapiaricardo@example.com','(211)902-4218x0142','001-945-475-1794x52466',386378),(201,'922 Tyler Extension Apt. 182\nTiffanychester, CT 91528','lopeztina@example.net','hahnjeffrey@example.com','001-905-624-8891x07591','+1-765-708-4418x1460',386378),(202,'6126 Davis Shoal\nWest Holly, OR 50122','mcknightjustin@example.com','smithmatthew@example.com','389-267-8738x604','+1-207-656-3483x019',386751),(203,'6616 Joseph Cape Suite 359\nJonathanside, IL 32411','christopherperez@example.com','ortegaashley@example.net','+1-451-917-0030x35497','366-212-0794',387111),(204,'109 Lopez Knoll\nSouth Bethview, WI 55073','hwalker@example.com','deanna61@example.com','+1-387-695-3525x0278','(984)994-9271x795',389331),(205,'9414 Adrian Forges Suite 146\nSouth Jimmy, VI 37111','john58@example.net','fpowell@example.net','(375)265-1859','+1-200-880-7136x724',389331),(206,'383 Carter Parks Suite 637\nBrianville, TX 63257','michelle53@example.net','whenderson@example.com','638-855-0340x81768','001-666-790-1077',389331),(207,'77601 Jonathan Bypass Suite 124\nWest Jacobton, PR 58772','gmoon@example.net','browncory@example.net','430-514-0358','+1-411-613-8875x1267',389331),(208,'49839 Brian Extension\nJuliahaven, NM 61178','lmoran@example.net','beanalicia@example.com','725-765-4265x43691','(281)625-9718x709',389331),(209,'67629 Michael Throughway\nSchneiderport, FM 25510','kevin71@example.com','qherman@example.org','290-751-6358','(245)279-4079',394317),(210,'3258 Scott Lights\nPort Don, ND 05075','keith96@example.net','debra54@example.org','841.732.1240','001-415-997-9935',394317),(211,'7528 Jackson Points Apt. 224\nLake Dustin, AK 79534','qjackson@example.com','thomasholland@example.com','001-641-986-5099x5535','951-817-6996x59219',394317),(212,'032 Lee Oval\nHoltburgh, IA 72824','jose48@example.net','fosterjennifer@example.net','+1-355-309-1004x8948','001-993-465-0861x704',394317),(213,'276 Nathan Inlet\nOneillport, MO 86336','christineellis@example.net','ricky81@example.org','(412)272-6967x2513','(597)355-5291x16191',398194),(214,'726 Garcia Plains\nCookeside, KS 62122','martindaniel@example.com','lawrencegarcia@example.com','(462)747-4515x7706','+1-848-615-3700x5242',398194),(215,'575 Carter Mission Apt. 078\nCarrtown, PA 75740','vtrevino@example.net','john50@example.com','+1-384-778-9360','8776802143',398194),(216,'46849 Durham Fork\nJamesland, MI 33713','wfrank@example.org','idaniels@example.net','001-342-611-6992x61785','001-450-924-4397',398194),(217,'17622 Courtney Extension\nEmilyburgh, NJ 80215','jessejackson@example.com','mgonzales@example.com','001-581-282-6073','833.293.3102x80717',402396),(218,'2344 Lopez Corners Suite 463\nLake Heidiside, PA 14235','cartercarla@example.com','tammy42@example.net','(787)268-1459','907.477.6158x2742',409744),(219,'535 Fisher Cove Apt. 172\nJonesshire, NE 97652','ihernandez@example.net','scott96@example.com','+1-581-305-1027x98446','492-981-3298',409744),(220,'3840 Montoya Dam Suite 945\nWest Kathleenton, AL 52605','pateljames@example.net','ijefferson@example.net','(414)268-2791x12679','897.570.8125x501',414383),(221,'19635 Kendra Way Apt. 555\nWest Heidi, GU 19329','millstaylor@example.org','qmartinez@example.net','(852)854-3982x95534','244.349.5899x17021',415037),(222,'2980 Raymond Station Suite 664\nMccoybury, KS 33567','thoward@example.org','barnesbarbara@example.com','+1-390-204-4972x8291','001-615-695-3188x8695',415037),(223,'66211 Lewis Lane\nLake Jill, AK 49562','lsmith@example.com','dharris@example.org','659-808-2893x6143','001-774-407-5839x75148',421716),(224,'75740 Erickson Corner Suite 946\nMirandamouth, DC 21653','simsalexander@example.net','nataliemullins@example.com','(579)603-6186x387','+1-327-299-2272x791',422031),(225,'2225 Kristin Village Apt. 112\nNew Robert, GU 77230','laura66@example.org','gtaylor@example.com','5688662823','899-942-3718x5096',423670),(226,'277 David Corners Apt. 037\nWest Jennifer, DC 81182','rioskatelyn@example.org','paul27@example.com','8077159960','475-828-5133',423670),(227,'81036 Mcpherson Club Apt. 889\nOsbornville, TX 02395','kimberlywebb@example.org','silvamelissa@example.net','918-892-6985x60978','728.234.8527x468',423670),(228,'491 Gallagher Expressway\nPort Nicholas, KY 21102','cgutierrez@example.net','lopezangela@example.org','976-452-9991x7855','001-290-253-2291x0172',423670),(229,'5333 Wendy Isle\nLukeburgh, MN 28526','janetford@example.com','achavez@example.org','955.650.1758x64887','001-435-568-4131x57879',423670),(230,'150 Noah Radial Suite 297\nSouth Lorifort, VI 75219','jennifer31@example.net','hjimenez@example.net','224.670.2329x722','711-472-9100x5360',424008),(231,'497 Bradley Harbor Suite 938\nLake Lindseyside, OK 21963','andrewbrown@example.com','charlesle@example.net','(616)800-2729','(627)538-9441x901',424008),(232,'319 Emily Path\nSimmonsview, NH 96140','joseph38@example.net','jallen@example.com','641-810-4629x8765','001-657-906-2038',424008),(233,'PSC 0614, Box 0104\nAPO AP 12044','greeneamy@example.org','jameswinters@example.org','+1-309-816-8427','9074117982',424266),(234,'73435 Gould Mountain\nWilliamston, WA 02862','denise06@example.net','bradley72@example.com','001-362-760-4808x47231','+1-928-420-4616x756',424266),(235,'69190 Leonard Street Apt. 421\nWest Lynnview, NH 45081','marc00@example.com','tglover@example.com','5962186086','001-758-809-9176',424266),(236,'316 Aaron Streets Apt. 659\nNew Amanda, AS 18064','anna60@example.net','williammcdonald@example.com','547.564.3587','6495083563',424266),(237,'9326 Robert Shore Suite 625\nTuckerberg, SC 87830','coreyanderson@example.com','ramirezpaige@example.org','450.318.0285x879','+1-386-357-3492x2716',424266),(238,'6713 Samuel Cliffs\nOlsonbury, MA 84784','rhughes@example.org','juanhernandez@example.net','(660)800-9033x22978','(834)215-6361x5872',431198),(239,'92260 Michael Expressway\nNew Taylor, PA 62531','jacob98@example.com','michele77@example.org','431-503-1151','9093365106',431198),(240,'7059 Pitts Ranch Apt. 197\nSouth Johnport, SD 86366','rwong@example.net','julie26@example.net','001-330-622-6935x960','4359036130',431198),(241,'6729 Donna Via Apt. 058\nMarshallshire, WI 13305','srobinson@example.com','anthonyharris@example.com','221.708.1104x049','718-382-8100',431198),(242,'4816 Jose Roads Suite 071\nMatthewstad, FM 98187','katrina87@example.com','danielmichelle@example.net','506.907.1702','756.341.7406',431198),(243,'71656 Butler Expressway\nPort Kellyfort, FL 79758','turnerjacob@example.org','stephenskyle@example.net','582.366.1357','940-930-6712x6777',434277),(244,'85572 Swanson Islands\nHarperbury, ID 52432','fmartinez@example.org','james86@example.org','805.634.4760','001-518-956-4152',435277),(245,'0125 Michael Orchard Apt. 301\nSouth Parkerside, UT 30095','juliegraham@example.net','miguelwoods@example.net','625.945.0188x378','+1-278-812-1011',435277),(246,'18333 Moore Wells Apt. 827\nEast Evan, NV 96668','flee@example.net','christinalindsey@example.net','9559839145','+1-608-617-7086x79360',435277),(247,'734 Brandon Branch Apt. 716\nEast Monica, AS 51923','twilkerson@example.net','jessica72@example.org','001-640-708-2291x373','316.246.6290x5226',435277),(248,'7787 Linda Greens Suite 996\nTinaville, MP 14014','williamsrenee@example.net','timothycarroll@example.org','6963286038','001-623-602-7228x119',435277),(249,'8460 Mcdaniel Plain\nWest James, PA 35111','joseph93@example.org','anthonylopez@example.net','673-242-2166x30356','(936)320-8566',438563),(250,'702 Lisa Ports\nBaxterville, TX 13537','bruceharris@example.com','hpadilla@example.org','549.882.0942x747','341.725.1784x864',449187),(251,'830 James Hill\nSuzanneshire, FL 17761','zrodriguez@example.org','stanner@example.com','+1-236-460-3542x52875','4834820912',449187),(252,'11528 Campbell Mountains Apt. 818\nMelissafurt, AZ 11369','xmunoz@example.net','johnrobertson@example.net','+1-390-906-8425x89580','405-698-2312x294',449369),(253,'178 Laura Road Apt. 976\nPort Pamelafort, FL 03735','ginaarnold@example.com','ronaldvaughn@example.com','+1-415-525-0719x774','540-256-4102x0610',449369),(254,'5013 Reed Inlet\nEast Grace, OR 70509','sarahnewman@example.net','jenniferrussell@example.net','(857)263-9261','816-556-6825x6689',449369),(255,'02347 Mccarthy Street Suite 516\nEast Anthonyberg, GU 32540','rachel63@example.org','charlesfischer@example.com','(928)873-7325x35238','579-840-7689x91054',449369),(256,'947 Adams Trail\nNorth Hannah, LA 86781','victoriajohnson@example.net','justinharris@example.com','(960)252-6326','+1-712-773-2217',449369),(257,'9381 Walters Coves\nSouth Christinehaven, DC 07170','kimgomez@example.org','frankford@example.com','(614)995-5217x0538','548-505-8637',450083),(258,'USCGC Atkinson\nFPO AE 14042','pjohnson@example.net','loweheather@example.org','+1-948-893-7782x969','+1-838-790-5638x5853',459181),(259,'PSC 0144, Box 5001\nAPO AE 25607','coryperry@example.net','stephenalexander@example.com','2174844701','(713)959-8664x04088',459181),(260,'26999 Moore Mountains\nPort Timothyside, PA 18705','andrew70@example.org','williamschristina@example.com','(462)462-7352','719-523-4828',472918),(261,'63309 Richard Ways Suite 018\nPort Melissafort, MS 27356','hharris@example.com','barbarawiggins@example.net','001-817-643-4892x12211','615.810.9129x15376',472918),(262,'Unit 6644 Box 7580\nDPO AE 21412','william64@example.com','kleindaryl@example.net','001-940-901-9753x156','(853)520-6511',477927),(263,'501 Wendy Expressway Apt. 549\nPort Matthewmouth, MI 74387','hmartin@example.org','hardingtaylor@example.org','323.783.5009x495','704.910.1746',477927),(264,'1875 Mclaughlin Way\nCareyfort, IN 39597','austin36@example.com','uanderson@example.com','001-664-740-5154x822','688-245-2005x7812',477927),(265,'56676 Webster Tunnel\nWest Amandafort, RI 79000','wingram@example.net','michaelsmith@example.net','996.206.5039x4525','(714)787-4725x832',477927),(266,'3291 Floyd Points\nGonzaleztown, AK 45488','smithjames@example.org','andrewsimmons@example.net','943-898-2927x11723','+1-767-937-7273x9633',477927),(267,'062 John Shoal Apt. 077\nSouth Michaelshire, VI 07393','yschultz@example.net','vasquezpeter@example.com','975-930-7239x929','577-354-4952',479798),(268,'USNS Flores\nFPO AP 42327','amypatel@example.org','hendersonhaley@example.org','402-354-9706x697','417.777.1310',479798),(269,'525 Freeman Terrace\nBarbarachester, CO 62402','christian77@example.org','tmaynard@example.org','547-998-6231x482','(491)681-7457x982',482630),(270,'6412 Dawn Cove\nSeanhaven, VA 14171','uzuniga@example.com','bleonard@example.com','001-701-513-4038x63131','+1-664-680-0075',482750),(271,'333 William Mountain Apt. 979\nBrendaton, NY 02627','sking@example.com','adamscharles@example.org','+1-468-231-5837','(910)777-8033',482750),(272,'Unit 1140 Box 6414\nDPO AE 24814','higginsrichard@example.com','rfoley@example.com','(986)506-7035x1539','(464)820-3319x6459',482750),(273,'Unit 6684 Box 2361\nDPO AA 19043','sharmon@example.com','robinwilliams@example.org','+1-784-370-9121x4189','001-276-853-6546x12126',482750),(274,'67606 Joan Mountain\nKatherineview, TN 66480','amanda98@example.org','monique74@example.org','001-690-315-7638x82487','+1-937-604-9562x5362',484377),(275,'45352 Day Skyway Suite 857\nNew Kimberlychester, KY 19860','hunterjoshua@example.net','melissa87@example.net','841-459-7663','288-732-6608x7137',484377),(276,'Unit 9346 Box 5276\nDPO AA 91400','sean72@example.com','amanda51@example.com','(266)720-3006x5330','760.629.8415x7656',484377),(277,'380 Thomas Estates\nBrittanyville, OK 24163','omullins@example.net','codynorman@example.com','842-756-5039','(680)280-7037x20576',484377),(278,'0585 Wilson Islands Apt. 868\nNunezmouth, NM 04926','alexiswebb@example.net','bjones@example.net','793-405-2172x6173','607.237.0388x062',493412),(279,'2534 Megan Rue Suite 188\nWest Justin, MA 51351','jonathanlarsen@example.com','zgonzales@example.net','001-543-742-1505','3707969010',493412),(280,'56632 Randall Cape Apt. 630\nKlinechester, GA 11291','derek45@example.com','meganjensen@example.net','919-545-6522x3048','905.281.9835',493412),(281,'299 Kyle Landing\nLisaview, ND 69725','whutchinson@example.org','grace88@example.com','(836)338-8867x792','841.813.4089',493412),(282,'47658 Sanchez Plain Suite 807\nEast Taylor, LA 05054','ochoakelly@example.org','coleedwards@example.org','+1-786-624-7342x86786','(221)777-5933x07519',493412),(283,'0416 Brittany Common Suite 246\nPort Kevinchester, WA 16564','katherineramirez@example.com','peterterry@example.org','755.210.4393','671.371.8920x44341',496078),(284,'290 Suzanne Roads Suite 392\nNorth Dylanmouth, PW 27106','mcgrathangela@example.net','zachary12@example.org','001-818-308-6065x7506','706.951.1363',496078),(285,'6354 Crystal Lock\nSolomonhaven, LA 34407','medinathomas@example.net','pdrake@example.net','+1-206-292-5792x6594','+1-392-872-3800x34027',496804),(286,'128 Lopez Junctions Apt. 429\nPort Miranda, NY 37430','tylerwalker@example.org','mathew03@example.net','001-316-324-8308x8855','001-666-526-3687x32529',500201),(287,'415 Jackson Valley\nBeverlytown, UT 66202','mackmark@example.org','dsparks@example.org','+1-711-616-0619x1469','368-445-9756',500201),(288,'697 Cynthia Cove\nMartinbury, AZ 06774','mrogers@example.net','zgiles@example.org','948-344-5223x3735','(828)313-5147x36129',502926),(289,'0894 Leonard Drive\nNorth Karenland, OH 75600','steelemelissa@example.net','byrddebbie@example.com','793.577.3998x487','+1-323-369-1495x562',502926),(290,'14817 Mckay Circles Apt. 062\nEast Jasonton, NE 28496','michael10@example.org','duncangeorge@example.net','(394)267-5387','+1-470-410-3117x71912',502926),(291,'5632 Ferguson Plains\nEast Regina, NV 08361','barrettjames@example.net','fromero@example.net','(640)664-3150x3973','(552)810-3619x564',502926),(292,'300 Johnson Squares\nEast Maureen, DC 21158','krangel@example.com','jacoballen@example.com','(864)451-7386x04988','+1-718-847-7325x03806',502926),(293,'858 Erin Divide\nHollychester, PA 42347','hmunoz@example.com','rdillon@example.org','(634)574-2066x0366','001-561-562-5273x87703',515231),(294,'PSC 2296, Box 9222\nAPO AE 89605','roberthernandez@example.com','cassiewalker@example.org','001-840-886-2112','(507)507-6741x0011',515231),(295,'3739 Cummings Hollow Apt. 140\nPerezmouth, NH 46255','michelle94@example.net','woodsangela@example.net','001-908-683-0191','(829)762-5251x46876',515231),(296,'454 Bowen Drives\nWest Roy, RI 54568','tmiller@example.net','owallace@example.com','912.959.2061x7350','724-382-8748x09074',515231),(297,'5900 Lori Station\nWest Megan, WA 49926','yvette28@example.com','fkidd@example.net','(343)799-9108x9787','001-280-541-3019x291',515231),(298,'6487 Tammy Squares Suite 272\nWest Maryland, DE 18559','stanley19@example.org','phelpsrobert@example.net','+1-271-712-8744','788.854.5311x193',543004),(299,'7211 Sharp Turnpike\nGillshire, MS 11856','uchristensen@example.net','gcarlson@example.net','(256)773-9328','672-505-6689',543004),(300,'1675 Ronald Islands\nAdamchester, KY 61285','traci97@example.org','nicole70@example.com','(460)333-0788x90090','400.573.2772',543004),(301,'548 Barry Parkways Suite 071\nHectorberg, MD 85152','shannon82@example.org','ann04@example.com','426.785.5314x9052','(663)821-9157x03399',543004),(302,'63576 Robinson Motorway Apt. 889\nAllenville, DE 12145','sarah80@example.org','jacquelinejimenez@example.net','738-603-2179x16704','(463)383-6926x39784',543004),(303,'77100 Kenneth Fort\nThomaschester, KY 87974','robertlong@example.com','kathleenedwards@example.net','+1-223-375-3164','244-267-0696x210',547302),(304,'13011 Jordan Stravenue Apt. 030\nHarperfurt, RI 74055','sgarcia@example.net','robertkim@example.com','874-309-1492x257','(374)513-3996x64251',547657),(305,'023 Christian Crossroad Suite 438\nPort Joshua, SD 23493','beckyjohnson@example.org','eric54@example.com','944.432.4652x392','347-220-4598',547657),(306,'160 Carol Ranch Suite 635\nPatriciaville, PW 65587','burkevanessa@example.org','ghawkins@example.com','+1-288-375-6510x8587','001-322-965-3680',557888),(307,'13594 Jodi Meadows\nSouth Brandon, OH 81609','smcdaniel@example.com','david44@example.net','001-229-838-1766x089','763.366.2140',557888),(308,'278 King Isle\nEast Danielland, ND 52558','jimmy70@example.net','daniellehowell@example.org','+1-624-286-6596x241','001-728-953-5480x527',557888),(309,'9817 Chloe Pass\nWest Andrew, NY 83747','englishsusan@example.com','ugentry@example.net','784.661.2465','(828)836-6040x63797',557888),(310,'43332 Sherry Summit Apt. 099\nWest Lesliebury, NH 01039','robertward@example.org','paula30@example.net','6118436436','+1-969-628-4307x789',557888),(311,'094 Clark Drives Suite 948\nPort Jason, MT 12855','sdavis@example.com','lharris@example.net','+1-452-382-7503x654','001-248-892-1743x798',570496),(312,'977 Alejandra Stream\nLake Ronald, AS 88810','erinlewis@example.net','chad64@example.com','884-578-2205x737','999.448.3900x4136',570496),(313,'317 Leslie Path\nNorth Christyville, IA 87713','qbaker@example.com','craigmarc@example.org','244.404.9430x9717','4692699583',573501),(314,'143 Rios Ranch Suite 332\nRobertmouth, WY 30327','teresarichardson@example.org','jacob57@example.com','337-945-2553x50697','946.959.7652',573501),(315,'690 Cortez Track Suite 771\nAmyland, KY 35196','carrieguzman@example.org','jonrice@example.net','001-911-350-1574','001-957-747-0448x9555',573501),(316,'95734 Thomas Dale\nWest Austin, IL 26803','james48@example.net','april02@example.org','6735323291','339.362.8835x422',580209),(317,'232 Floyd Cape\nNorth Lindseyville, AK 88150','jose96@example.org','austin24@example.org','+1-501-970-9855x2726','(486)648-3083',583923),(318,'690 Wilson Run\nRodneybury, OK 83755','daniel50@example.net','sheritate@example.net','(951)867-1667x0282','5053661541',583923),(319,'9686 Gonzales Valley Apt. 757\nEast Tara, MI 75556','johnriley@example.org','austin86@example.com','001-540-670-4873x556','356.660.5045',590074),(320,'08452 Lopez Village Apt. 519\nLake Annefurt, MP 91937','williamswilliam@example.com','brittanydiaz@example.net','+1-493-625-8714x95008','421-654-7906x74551',590074),(321,'81119 Garza Turnpike Apt. 453\nJustinville, PW 61176','larrybray@example.net','lisahunter@example.com','822-501-9746x233','+1-599-781-9337',590074),(322,'87635 Castillo Mountains Apt. 995\nSandraside, AK 97191','denisehaynes@example.org','jamesdawson@example.org','255.210.6083x53485','719-970-4869',590074),(323,'PSC 8659, Box 0201\nAPO AA 68208','alisonsmith@example.com','simonsherri@example.net','604.619.9613','001-942-699-5798x60490',591032),(324,'41095 Melissa Common\nPerezville, VI 27504','davisthomas@example.org','shelia48@example.com','643.592.0543','835.422.1824x17099',592134),(325,'Unit 2348 Box 0528\nDPO AA 02276','patrickhunt@example.org','brittanysparks@example.com','631.685.2322','573.619.5022',592134),(326,'159 Lisa Camp Apt. 560\nNorth Timothyfort, AL 65647','wagnerkyle@example.com','hmercer@example.org','9242616535','+1-446-879-1465x714',592134),(327,'843 Aaron Trail\nSamuelfort, LA 00941','ericrios@example.com','michael85@example.com','725-207-4920','001-976-504-9004x7907',596267),(328,'209 Jeffrey River\nPort Jenniferport, OR 08862','george64@example.org','jack08@example.com','(816)868-1269x395','3937449518',602405),(329,'0381 Beard Gateway Apt. 861\nLake Marissastad, MO 06525','bobby78@example.net','dwatts@example.net','(713)927-1134x67902','001-244-437-8670x5863',602405),(330,'0366 Park Loaf\nNew Melissaberg, MI 20158','whill@example.net','ikelley@example.com','(804)331-7280','001-557-680-7116x1582',602405),(331,'247 Smith Prairie\nChristinamouth, WI 70394','garciaolivia@example.org','jeromezamora@example.com','539.221.4768x207','6969141343',602405),(332,'49611 James Vista Suite 966\nPort Danielberg, HI 06484','mcdanielnoah@example.com','dross@example.org','605-786-4932x22908','001-501-799-3747x032',607417),(333,'694 Matthew Fields Suite 286\nEast Marymouth, SD 73483','mosesjohn@example.org','alicia19@example.org','377.422.5059x2392','976-540-4660',607417),(334,'9081 Rivera Points\nNorth Amybury, KS 09086','kcastillo@example.org','marcohamilton@example.net','(497)583-5267','(204)753-2527',607417),(335,'5708 William Street Suite 528\nPort Michelle, NC 72328','villarrealjustin@example.org','anthony43@example.org','001-778-209-7717x221','(671)265-8559x367',611462),(336,'75329 Rachel Views\nMcdonaldshire, ID 47346','melissapalmer@example.org','brandonsmith@example.org','922.218.2465','411.835.6696x075',613007),(337,'85624 Leonard Route Suite 959\nCynthiatown, PA 78604','coleandrew@example.net','christopherwilliams@example.net','280-661-9614','632-607-0493',613007),(338,'45737 Murillo Valleys Apt. 935\nNew Amandaborough, FL 58820','zachary02@example.net','kellersheri@example.com','724.452.1089','001-830-763-8497x9188',613007),(339,'PSC 5024, Box 2592\nAPO AE 77205','christensenkristen@example.org','wpeters@example.org','001-719-622-4815x77693','+1-655-738-2946x4570',613007),(340,'697 Darin Gateway\nLeeside, FM 37480','jonesashley@example.org','tylerchad@example.net','(213)938-0218x2432','593-639-9058x5742',613007),(341,'USS Turner\nFPO AE 42158','stevenskimberly@example.org','wjackson@example.org','221-838-4738','266.516.0007x6724',614408),(342,'8468 Garcia Courts\nLucasside, NY 61665','jameslogan@example.org','lhansen@example.org','(275)354-0369','407-443-2885x4703',621100),(343,'40119 Tucker Prairie Apt. 343\nJonesside, MN 01608','robertlloyd@example.net','adamdavis@example.org','699.550.6834','5152521218',621100),(344,'1895 Jessica Cliffs Suite 915\nAshleyburgh, CT 76337','scotttroy@example.org','david36@example.com','829-829-2246x97375','(236)756-4508x17259',621100),(345,'USCGC Dickson\nFPO AA 12896','emilyacosta@example.net','cmay@example.com','+1-444-822-8123x3792','(821)679-8661',621100),(346,'99146 Leonard Trafficway Apt. 798\nRoyport, MS 40440','qhall@example.org','gstevenson@example.net','(777)341-4441','5336039482',631170),(347,'75605 Harvey Hill Apt. 410\nChristinashire, ME 37572','brownelizabeth@example.com','alyssa00@example.org','455.905.9432x15120','967.622.7238',635569),(348,'Unit 0405 Box 8927\nDPO AE 26894','nicholaswright@example.org','russellraymond@example.com','476-469-0753x1115','994.318.6530x66568',643474),(349,'4795 Desiree Fall\nMichaelborough, CT 66674','jane11@example.net','samuelharper@example.net','587.491.0287','(859)254-9854x6479',643474),(350,'01906 Rodriguez Gardens\nPort Beth, OR 53545','nathanlong@example.com','cberger@example.com','515.869.9052x16686','001-764-492-8679',643474),(351,'07806 Mary Ferry Suite 413\nNew Priscilla, AZ 32628','rebeccacarpenter@example.net','fstewart@example.com','+1-934-302-3121x802','(562)487-1265',643474),(352,'81438 Kennedy Mountain\nGaineshaven, OK 19505','howellnichole@example.com','gregorysmith@example.org','3013756864','001-768-891-6028x9440',649355),(353,'54978 Sandoval Island\nJasminchester, IL 65546','smithtyler@example.org','tramsey@example.com','001-572-995-2416x517','(351)381-8585x9988',661935),(354,'91731 Acevedo Burg\nNew Christinachester, MI 59201','faith90@example.net','thomas86@example.com','553.900.6887','552-502-1498',669234),(355,'039 Sawyer Isle\nDurantown, IL 57153','kimberlywalker@example.org','oavila@example.net','4612801168','975-778-6261x0530',669234),(356,'5017 Rogers Field\nHarrisview, NM 22639','timothygraves@example.net','andrewsnyder@example.com','779.260.3107x01687','(922)234-7158x9464',669234),(357,'91329 Warren Fort\nNew Michellemouth, TX 41503','reyesrobert@example.com','kimberly86@example.net','6329977437','+1-377-802-4644x6977',669234),(358,'795 Hill Squares\nGordonside, MN 17585','pamela78@example.com','zhill@example.org','001-752-344-9458','7378295834',669234),(359,'410 Jessica Stream Apt. 982\nElizabethfurt, FM 04545','wfisher@example.com','heather98@example.org','261.919.4716','665.591.5577x643',670580),(360,'108 Cassie Unions\nNorth Gregoryburgh, NM 84348','nicolehughes@example.net','adamlozano@example.org','+1-696-270-5455x59242','+1-918-504-4089x21405',670580),(361,'1218 Carlson Hills Apt. 917\nJacksonstad, IA 76552','gentrylauren@example.net','holly59@example.com','(214)703-1101','+1-822-508-3126x62928',679009),(362,'911 Smith Inlet\nJessicaside, AR 24523','aprilgonzales@example.com','mary69@example.org','(351)251-8794x99219','+1-748-749-2550',679009),(363,'9511 Chapman Haven Suite 673\nNew Shelbyfort, PA 76299','marcia08@example.com','bsimmons@example.org','+1-262-592-8800x11310','+1-914-338-0423x1802',696787),(364,'210 Crystal Square\nHuffstad, KS 53129','reginald06@example.net','warrenjames@example.org','892.416.9958','(413)965-2167',699245),(365,'27996 Young Knolls\nHunterstad, WY 01163','kelly72@example.org','joshua10@example.com','+1-490-380-1713x90085','(814)380-1403x8359',699245),(366,'998 Jones Keys Apt. 447\nSouth Katherine, IA 31997','kclark@example.net','nunezbrittany@example.org','217-234-1964','+1-604-345-8857x59529',704363),(367,'529 Lee Lock\nSophiamouth, GU 19205','elizabethoneill@example.com','brownkimberly@example.com','001-989-423-9668x048','+1-718-241-4179x0025',704363),(368,'9111 Porter Wells Apt. 193\nHarrisstad, ME 23802','drakeashley@example.org','michellerios@example.net','001-551-563-7246','(856)351-8288',704363),(369,'USCGC Greene\nFPO AE 37323','johnsonkimberly@example.com','brownrobert@example.org','683-765-5084','876.954.4488x46890',704363),(370,'37558 Baxter Lodge\nEast Sharonberg, AL 59672','kimberlyolson@example.org','lyoung@example.org','001-495-455-4438','(666)306-1112x14917',704363),(371,'8403 Stephen Well Suite 254\nDorothymouth, ID 59723','gordonjeffrey@example.net','jamesbecker@example.com','816.657.6124','378-678-8088',706634),(372,'8375 Davidson Mountains Suite 157\nPort Nathanborough, WI 47156','matthew08@example.org','davispaula@example.org','999.384.8999x2156','470-835-9288x5522',706634),(373,'045 Meyer Mount\nEast Kelseytown, NV 72598','penarebecca@example.com','kevin39@example.net','+1-621-412-6903','878.319.4264x79489',721148),(374,'05246 Jennifer Fall\nNew Johnborough, OR 22514','watkinstristan@example.net','martinwood@example.net','3015136689','391.231.1116x2407',735993),(375,'35905 Mark Ranch Suite 494\nEast Shawn, FM 02939','waynesimpson@example.com','imoreno@example.org','(933)970-7087','575-662-0867',736536),(376,'1269 Moore Vista Apt. 050\nGonzalesshire, WA 36279','joshuatran@example.org','regina62@example.org','+1-400-532-3247x730','5969939945',736536),(377,'685 Emily Port Suite 327\nWest Kenneth, FM 79755','bmcintosh@example.com','brian19@example.com','8343136530','8963610334',736536),(378,'0795 Morris Springs\nSouth Veronicaton, NH 52628','khill@example.org','tuckercaitlin@example.com','(261)325-2487x427','001-747-807-1196',736536),(379,'625 John Summit Suite 049\nBauerside, DE 51161','jonesmeagan@example.org','baileyrachel@example.net','614.424.6804x435','+1-274-567-0258x15502',739818),(380,'4403 Mcdonald Parkways\nEast Stanleyport, VI 42921','michaelharrell@example.org','butlerdebra@example.org','(477)321-1415','867-513-3158x8471',739818),(381,'233 Morales Pass\nKimberlymouth, SC 09323','robersonyolanda@example.com','pferguson@example.org','001-532-215-3395','241.425.6324x4464',739818),(382,'266 Melissa Mountain Apt. 904\nLeslieland, NH 87289','zcrawford@example.org','terrellshawn@example.com','001-852-961-8729','6855577413',739818),(383,'43897 Jeanette Summit\nWilliamsborough, WA 07320','rachel76@example.net','chelsea50@example.org','993-397-3803x94220','264-635-2915',745207),(384,'285 Monica Springs\nLake Chaseland, SC 96881','zachary13@example.com','ywalsh@example.net','+1-891-268-3282','+1-516-551-2289x31053',745207),(385,'3032 Wilson Junctions Suite 088\nLake Jasonhaven, FM 90803','garrett11@example.org','warejacob@example.com','+1-408-464-4206x231','001-686-471-4892x5969',745818),(386,'22632 Oliver Garden Suite 115\nLindseybury, NH 45638','dannymyers@example.com','carlmendez@example.com','(294)352-2231','495-770-5801x565',745818),(387,'989 Williams Harbor Apt. 406\nGreenland, CO 91644','watsonwilliam@example.org','williamskelly@example.net','+1-857-834-8189x22587','001-663-652-7191x01113',745818),(388,'59650 Melissa Shoal Apt. 144\nRandallmouth, WI 76646','zacharygolden@example.org','moniquefoster@example.com','+1-412-552-9834','651.724.8846x60173',753519),(389,'0022 William Flats Apt. 597\nCynthiamouth, NC 56795','alex09@example.net','antoniomartin@example.net','001-920-350-2618x792','4305871909',756733),(390,'463 Mooney Village\nMirandaport, OR 44846','jasongarcia@example.com','sarah74@example.com','001-986-269-0350x309','612.686.3297x92567',756733),(391,'183 Lisa Stravenue\nNew Jenniferfurt, CT 21428','owensmatthew@example.net','jeff15@example.com','001-871-478-8045x34135','(660)513-7588x158',756733),(392,'8485 Morgan Vista\nMaryland, OH 34976','sarah81@example.net','shaneerickson@example.net','391-837-3610','001-289-493-4530',758054),(393,'2354 Baird Circle Apt. 840\nAnthonystad, CA 05554','martinnelson@example.net','darren53@example.com','+1-696-664-7051x81713','399.410.3984x171',758054),(394,'4102 Elizabeth Cape Apt. 261\nSethstad, WV 13796','patelcarla@example.org','paul02@example.org','989.551.2974x729','001-632-307-0445x92082',758054),(395,'PSC 0721, Box 5085\nAPO AE 33612','johnsonchristina@example.net','martineznicole@example.com','986.405.8266x1147','929-206-6323x8649',761368),(396,'4047 Brian Viaduct Apt. 513\nLisamouth, MO 58849','dhays@example.org','oscott@example.com','(775)687-9277','+1-284-285-8840x47385',761368),(397,'611 Kelly Crest Suite 010\nSouth Alexis, KY 38408','qgarcia@example.org','jeffreypeck@example.net','+1-958-776-9789x1173','730-413-1699',761368),(398,'3891 Ross Station Apt. 168\nWoodchester, WV 64405','jfry@example.net','billymurphy@example.org','767-608-3193x7720','740-356-7964',771555),(399,'PSC 2588, Box 1168\nAPO AP 40252','smithnatalie@example.net','lindsaysanders@example.com','476.929.1540','001-365-996-1489',771555),(400,'70694 Taylor Union\nPort Mikaylamouth, ME 54011','crystalmiller@example.net','ahenderson@example.org','(688)829-5810x930','+1-902-869-8863x749',771555),(401,'8312 Manuel Park Suite 105\nAguilarstad, RI 31554','whiterachel@example.net','christopheryoung@example.org','(337)860-4074x383','936-541-3057x11280',777208),(402,'90106 Jonathan Street Suite 022\nLeestad, KY 15743','qfowler@example.com','dawngibson@example.org','375-910-6546x686','6318736902',779942),(403,'703 Martinez Courts\nPort Jasmineland, DE 55292','dphillips@example.net','samuel42@example.net','+1-864-393-3645x469','404-682-0352',779942),(404,'70733 John Cliff\nWest Brentshire, UT 18336','milleramanda@example.net','melissa61@example.org','+1-402-818-3363x9414','209.969.9753',779942),(405,'37293 Mcdonald Avenue Apt. 423\nTraciside, IL 55883','jamesporter@example.com','josephcorey@example.org','001-202-428-2156','996-698-0676',779942),(406,'26851 Jones Lane\nSouth Jennifershire, WY 11565','arivera@example.com','smithpatrick@example.com','295.818.5048','655.744.4519x9604',782881),(407,'979 Perry Meadows\nMichellemouth, NV 73197','qharris@example.org','dawsoncristina@example.com','001-914-788-5368','724-585-2399',782881),(408,'Unit 8395 Box 2882\nDPO AE 70712','fullerashley@example.net','clogan@example.net','(877)722-2636x2898','001-436-901-5646x866',782881),(409,'50071 Marilyn Springs Suite 078\nVirginiamouth, PA 92945','vargasapril@example.org','moyerjessica@example.org','982-620-2141','001-677-324-7606',782881),(410,'602 Janet Coves Suite 944\nBurgessside, PW 63183','powellricardo@example.org','sarah93@example.net','953-753-0945','822.346.9838',788537),(411,'78889 Margaret Corners\nSimston, FL 72248','edwinmay@example.org','donovandavid@example.org','+1-631-716-7681','001-570-340-7881',788537),(412,'65880 Rodriguez Shore\nLake Tony, HI 37458','ortegarebecca@example.org','daniellehicks@example.org','001-206-804-8704x5609','860-391-5617x21229',788537),(413,'941 Lara Tunnel\nReedtown, PA 43372','sean16@example.com','muellerrobert@example.org','(932)555-8453','001-540-391-0105x222',788537),(414,'157 Wong Estate\nNew Carlberg, MT 69301','karen58@example.org','paynealbert@example.net','945-991-7955x53822','354-568-8218x723',795456),(415,'214 Stacy Rest Suite 357\nPort Amanda, MN 99864','olarson@example.org','bianca39@example.org','988-350-8834x810','6576907342',797066),(416,'88984 Wiggins Passage\nLake Joemouth, VA 14790','kevin94@example.com','fphillips@example.com','(252)392-6370x3382','831.614.5517x49715',797163),(417,'1296 Chase Manors\nLindaville, WA 71283','tracymoore@example.org','isabellamurphy@example.org','+1-730-963-9906x16193','(386)293-8194x12450',797163),(418,'5165 Gonzalez Underpass Suite 503\nMariahside, MO 41677','sgarcia@example.org','brandon05@example.net','686.915.3227x70296','352-921-4768x3363',797163),(419,'01126 Sexton Oval\nWilliamsside, GU 72515','jill63@example.net','brownwilliam@example.com','(490)676-8960x860','314-870-5626',805938),(420,'9274 Paul Pike Apt. 493\nPort Kathrynview, NC 98958','wendysoto@example.org','jessicaadams@example.com','392-980-7850x56983','784.971.3748x0701',805938),(421,'5882 Cynthia Shoal\nPort Johnton, IN 57712','jerryburns@example.net','aaron05@example.org','(344)648-2758','774-264-9453',810207),(422,'025 Katrina Loaf Suite 130\nBrandychester, MD 38394','cordovaralph@example.com','stanleyrivera@example.org','816.958.0801x52404','+1-564-690-1624x6486',815391),(423,'534 Moran Forge\nJillfurt, DE 04362','allison80@example.net','lopezjoyce@example.com','6372452343','001-990-468-7758',815391),(424,'700 Walker River\nJamieside, MI 46755','brenda56@example.org','timothy20@example.net','+1-709-763-3838x2610','001-762-956-4993',815391),(425,'0862 Teresa Via\nLake Michelleborough, IA 77266','danielcalderon@example.com','keith24@example.com','260.218.1965x6962','645-565-9311',819902),(426,'6833 Barry Passage\nLake Jack, NH 91676','dreed@example.net','heidideleon@example.net','001-825-939-7153x57191','749.813.8222x3752',824305),(427,'3868 Stephanie Court\nPenaview, NM 27686','sara26@example.com','audrey44@example.net','(832)647-2302','(539)298-8214x12326',824305),(428,'77264 Anderson Mews\nNorth Jamesfurt, NC 16015','townsendjeanne@example.com','danny71@example.org','+1-598-750-1864x575','220.477.5736',824305),(429,'5576 Frederick Gardens Suite 016\nStevenshire, AL 07926','omendoza@example.net','bwillis@example.com','001-380-596-5461x783','415.930.7695x376',824305),(430,'67822 Robertson Spring Apt. 491\nNew Charles, WV 29718','douglaswilliams@example.org','brandonpoole@example.org','(203)423-6642x38460','(722)984-5697x1487',826123),(431,'45921 Coleman Flat\nWest Alexandertown, NY 61015','reeseanthony@example.com','qrobertson@example.net','001-955-511-6667x01718','001-249-547-6962x3708',826123),(432,'56262 Martha Crossroad Apt. 788\nPort Susan, AR 73510','melissakirby@example.net','kimberlycunningham@example.org','+1-564-754-9259x403','+1-874-611-2015x3918',826123),(433,'33218 Manuel Course\nJenniferborough, AR 32906','ruizautumn@example.net','laurenfuller@example.org','4152601388','(296)580-5143',829674),(434,'1557 Todd Point Suite 819\nNew Patriciamouth, AL 10155','brownjustin@example.org','vstout@example.com','3479546095','760.631.6431x943',829674),(435,'707 Brandi Crescent Apt. 132\nNorth Mark, MN 49084','eodom@example.org','david76@example.com','594-955-3790','(599)424-4116x4240',829674),(436,'USS Hahn\nFPO AE 54270','zscott@example.com','mark67@example.org','(846)236-1372','477.780.5535',829674),(437,'089 Christopher Locks Apt. 959\nTamaraport, VI 42637','harriskerry@example.com','lindaferguson@example.org','273.376.1741x111','001-569-683-2812',832720),(438,'005 Lee Tunnel\nChristopherfort, NH 04508','perezalex@example.net','cynthia29@example.net','001-963-428-3562x04953','9783216928',832720),(439,'68403 Dennis Flat\nPort Cynthiaberg, ME 22008','robert69@example.com','timothyjones@example.net','287-288-5793x5823','8556050760',836355),(440,'72154 Mccullough Trace Suite 922\nSouth Kathrynburgh, MO 28198','dawn34@example.org','qtucker@example.net','399-698-4510','9788146294',839066),(441,'27774 Smith Crescent Apt. 453\nNorth Michael, ID 46712','victor05@example.net','jill22@example.com','594.431.9051x47761','001-675-497-4044x491',839066),(442,'4390 Martin Bridge Suite 611\nAshleyborough, NY 30546','sandra84@example.net','boydjames@example.net','361-587-4664','636-943-6125x1276',839066),(443,'198 Gregory Freeway Apt. 114\nNew Michaeltown, MO 08137','crosskathleen@example.org','hescobar@example.net','807.881.9369x3325','001-569-702-4514x76941',839066),(444,'1854 Angela Divide\nLake Lauraton, WA 63324','carlawilliams@example.org','briannorton@example.org','001-323-946-1899','5148945664',839066),(445,'7373 Massey Ridge Suite 588\nEvanhaven, GU 04471','chenashley@example.org','turnerkristine@example.org','001-572-549-3862x477','376-872-7344x170',839491),(446,'57929 Stewart Islands\nWest Amy, VA 34332','mdavis@example.com','zpittman@example.org','706.825.3964','428-467-4181',854407),(447,'162 Brittany Springs Apt. 172\nNicholeton, GU 26793','villanuevarebekah@example.com','slee@example.net','001-598-619-7013x6459','001-265-490-6917x74574',854407),(448,'890 Noah Burgs\nNew Rogerchester, PR 61475','fergusontyler@example.net','kwall@example.org','001-556-552-5586x96543','494-576-1783',856699),(449,'38725 Butler Brooks Apt. 111\nLake Stephaniechester, LA 13814','mary57@example.net','williamsstephen@example.com','299-654-4748','001-512-922-0784x206',856699),(450,'410 Peter Pine\nSouth Jessicabury, CT 11583','grayholly@example.com','amyjones@example.com','251.573.5377','+1-608-415-6514x86374',856889),(451,'Unit 8580 Box 2785\nDPO AE 59256','michaelruiz@example.net','amanda86@example.net','(983)648-0063x5722','270.560.5629x786',863041),(452,'6614 Baker Hollow Apt. 774\nPort Kyle, MD 59035','hudsonjeremy@example.net','isandoval@example.com','855.662.8171','504.670.7312',863041),(453,'007 Heidi Cove\nWilliamside, GU 64511','daniel50@example.org','boltonjennifer@example.net','+1-255-947-1269x228','001-619-362-3716x026',863041),(454,'82242 William Canyon Suite 032\nEast Lisa, MP 39483','marie37@example.org','jeanne89@example.net','001-417-952-7911x04941','001-825-720-9139',867340),(455,'92890 Stephen Harbor\nBarnesborough, MO 56822','marthasmith@example.net','bradywillie@example.net','+1-405-600-3020','901-401-2850',867340),(456,'975 Griffin Square Suite 167\nPort Cheryl, VI 63755','lisaallen@example.org','shannonsutton@example.com','921-421-3547','001-363-367-4038',867340),(457,'61232 Warren Isle\nLake Pennymouth, ND 83995','eperry@example.net','scottsoto@example.org','240.491.2812','+1-202-830-9277x25798',867340),(458,'283 Katie Prairie\nGrantfort, OR 41854','jennifer09@example.org','howelljohn@example.com','001-450-253-7090x2501','827.246.8059x37156',879139),(459,'062 Shelly Trafficway\nNew Annashire, NC 75514','emily75@example.net','pittsscott@example.net','843.628.0101x0237','6826814167',879139),(460,'PSC 9341, Box 3393\nAPO AA 35077','williamsalicia@example.com','eric34@example.net','661.905.4087','+1-966-496-8209x8802',879139),(461,'869 Shane Parks Suite 517\nPort Erinburgh, DC 51615','brooke34@example.com','lbailey@example.net','5893630139','252.988.0201x998',879139),(462,'9305 Thompson Summit Suite 582\nNorth Raven, IL 72630','kimberly29@example.org','susanbrooks@example.org','001-723-304-7629x5931','618.604.4969',881899),(463,'45960 Allen Valley\nNew Maxville, WY 93721','colemanmark@example.com','scurry@example.net','+1-952-562-9487','+1-823-340-7055x096',881899),(464,'59396 Tiffany Village Apt. 211\nNew Eric, IN 32509','jeffreyes@example.org','ronald61@example.org','(530)517-1941x2476','7612067808',884685),(465,'255 Leah Stream\nGregoryberg, LA 54223','stanleybryan@example.org','hlogan@example.net','(930)638-4748','650.498.2977x429',887720),(466,'982 Jill Summit\nPort Kimstad, MP 46669','justin06@example.net','halljennifer@example.com','(698)318-9477x2132','001-275-372-1138x2420',887720),(467,'52404 Dixon Rapids\nWhitneyhaven, KS 04884','zjohnson@example.com','johnscott@example.net','431-266-4469x5204','428.763.6690x275',887720),(468,'76200 Marcus Meadows Suite 732\nEast Alvinville, UT 88455','hhanson@example.net','kimberly77@example.com','(499)632-5602x33668','6485773424',889093),(469,'7973 Joseph Turnpike Suite 910\nCrawfordmouth, GA 63736','helenmontgomery@example.com','sarah66@example.net','(777)696-8427x5283','001-218-694-5058x057',889093),(470,'2889 Michelle Forges Apt. 634\nNew Theresaville, CT 05519','patrick74@example.org','deleonalice@example.com','+1-389-653-2718x183','355.520.9188x4991',889093),(471,'271 Jamie Pine\nNorth Devinfurt, NJ 78905','emily47@example.com','dennistaylor@example.com','(454)479-0323','229.842.5323x9717',889093),(472,'4629 Anna Causeway Apt. 460\nLake Donaldville, NY 90882','gjohnson@example.com','bsmith@example.org','303-885-3588x9646','549.329.2654x835',898138),(473,'55117 Elizabeth Rapid\nSouth Matthew, KS 28920','richardmullins@example.net','morganrodriguez@example.com','+1-636-449-3302x87102','421.458.2824',898138),(474,'6461 May Summit\nJamesshire, NM 28632','marissa17@example.com','jesse33@example.net','7233024052','985-724-8805x5768',898138),(475,'673 Chase Corners Suite 696\nEast Gary, OR 63772','acevedojoshua@example.org','melodyclark@example.net','+1-895-573-3652x41968','778-603-5660x240',898191),(476,'95178 Richards Fall Apt. 280\nGonzalesport, MO 29751','ufitzpatrick@example.org','stephanie80@example.org','934.806.3807','441.886.2035x80077',898191),(477,'11917 Arthur Highway Suite 861\nWest Thomasside, PW 44780','drogers@example.net','ysmith@example.com','(963)475-6874x275','+1-372-702-2563x9103',898191),(478,'PSC 7334, Box 4214\nAPO AA 24519','cynthiaglenn@example.com','hholmes@example.com','205-604-5113x164','001-993-334-6345x01988',900940),(479,'40421 Stacy Crescent Suite 702\nElizabethstad, MP 94458','balvarado@example.com','estradajacqueline@example.net','001-846-801-5231x6160','404.925.2620x4171',911267),(480,'69876 Melissa Key\nPhilipchester, OH 86695','kristinedunn@example.net','danabrown@example.org','(358)662-6908x02757','+1-622-769-2320x606',911267),(481,'USNV Hays\nFPO AA 79894','raymondmelissa@example.com','xmiller@example.net','+1-540-725-9317x48183','001-800-510-5763x208',911267),(482,'0283 Richard Knolls\nPort April, WV 55985','anthonypayne@example.net','chadwood@example.org','(203)692-5334x7663','(364)817-9358',911267),(483,'PSC 2672, Box 2698\nAPO AA 62737','rneal@example.com','aaron95@example.org','001-347-952-1506x681','7186876726',911267),(484,'368 Morales Rapids Apt. 979\nVictoriaport, MP 16945','jorge67@example.org','christinemorris@example.org','(597)619-6707','+1-253-547-8445x13137',912031),(485,'Unit 8057 Box 6780\nDPO AE 84682','jessesanchez@example.net','whitedylan@example.org','(590)559-5604x899','383-351-4599',912031),(486,'6810 Thomas Groves\nLake Jessica, SC 31095','tylerschultz@example.net','tkelly@example.org','(531)855-7202x1817','+1-735-959-5916x3484',914707),(487,'7690 Maddox Corners Suite 722\nPort Melissaside, VI 39365','chapmanjared@example.net','breid@example.net','+1-277-779-0704x40693','903-774-7009x057',914707),(488,'878 Penny Crest\nRobertport, DE 05810','smithbryan@example.org','jessica91@example.net','402-941-5465x91043','729-485-8255x0368',914707),(489,'372 Patterson Causeway Apt. 796\nNew Todd, MH 55454','jacqueline58@example.net','landrykristen@example.com','001-216-240-2526','001-361-470-0466x6407',922716),(490,'69055 Williams Fork Apt. 825\nWest Stephenport, DE 76004','ryan19@example.com','kristinmcgee@example.net','885-724-9691x374','227.312.7668',922716),(491,'73853 Cynthia Overpass\nWest Rossstad, OH 52162','rachelallen@example.org','whitakerjames@example.net','(528)513-4639x43394','351.645.7273x11436',922716),(492,'514 Shelly Stream Suite 572\nMorrisland, OR 35581','johnsonzachary@example.net','janetwells@example.org','001-413-630-4189','(861)382-3602x1017',922716),(493,'2597 Peterson Light\nWest Monicafurt, GA 46596','katelynfitzgerald@example.net','mcdowellmichele@example.com','001-825-494-1611x30438','540-753-6336x3857',922716),(494,'USNS Smith\nFPO AP 59767','vsmith@example.net','jennifer37@example.com','001-252-312-2892x54396','840-671-6459',926960),(495,'72290 Regina Knoll\nNorth Andrea, PW 86660','ellismonica@example.net','jerry17@example.com','283-382-1067x044','419.655.4220x577',929242),(496,'PSC 4946, Box 2671\nAPO AE 08539','donnabarber@example.net','rdennis@example.com','375-813-2292x7553','7955100965',929242),(497,'21968 Kathryn Streets Suite 668\nGarrettside, KY 72128','sanchezdennis@example.org','samuel08@example.net','001-810-721-5496x12498','+1-300-927-3063',929242),(498,'951 Deborah Prairie\nNew Jerry, VT 92860','leroyroberts@example.org','prattmelissa@example.org','507-643-1692x4685','368-797-0386',929242),(499,'7566 Janice Plains\nMcdonaldbury, GU 10406','nali@example.net','amberrowe@example.net','(717)533-3548x3550','442-298-1736x0659',929242),(500,'USS Mathews\nFPO AP 86213','erikguzman@example.net','cgutierrez@example.org','6909956640','397.471.2509',929253),(501,'0464 King Rapids\nWest Chadville, FM 31584','osims@example.com','jamesallison@example.net','747-953-7751','849.880.1049x9160',929253),(502,'415 Fernandez Ramp\nSouth Jeffreyburgh, OR 37905','lcuevas@example.net','michellejohnson@example.net','(870)298-9169x4546','750.368.9671',929253),(503,'07049 Amy Forges Suite 641\nEast Josephfurt, SC 25594','jillho@example.com','davidpeterson@example.com','591.966.7906x274','496.426.3137x93880',929253),(504,'47010 Bartlett Hills\nHayeschester, CT 94995','cbell@example.org','cbryan@example.org','001-251-913-0092x43828','001-667-633-1404x44159',929253),(505,'592 Jackson Mission Apt. 884\nEast Benjamin, ND 95260','ricecharles@example.net','shannonadams@example.com','888.609.6069x5960','001-654-261-1194x57112',950248),(506,'083 Linda Pines Suite 986\nSouth Ericton, DE 72327','bergjennifer@example.org','ylee@example.org','+1-863-482-1796x3360','+1-390-980-1337x3591',950248),(507,'42134 Potts Isle Apt. 386\nLake Carolineville, IA 11557','melinda19@example.com','lindsey56@example.net','(464)308-3499','(642)626-2402x15430',950248),(508,'956 Webster Path\nClarkton, PW 77374','toddgonzalez@example.com','carrie58@example.com','+1-243-571-2460x9783','(266)457-1926',950248),(509,'6273 Diaz Shoal Suite 727\nSeanside, TX 77707','parkersavannah@example.net','ynelson@example.net','9214336258','242.542.4315',950248),(510,'4182 Maria Valleys\nPort Christopher, AZ 90570','fryeamanda@example.net','gshepard@example.net','982-614-7635','(667)931-5208x0206',950991),(511,'88442 Jones Loop\nKathrynburgh, DE 70038','pmartinez@example.org','carterkelsey@example.net','7209551160','606-680-6500',950991),(512,'28800 Jones Lights Suite 321\nTeresaland, GA 19473','clarkjackson@example.net','thompsonrebecca@example.com','877.672.0084','997.369.2612',950991),(513,'PSC 6065, Box 8057\nAPO AE 01937','whitejessica@example.com','eedwards@example.net','(777)662-7671x967','001-909-405-9544',951161),(514,'550 Leonard Inlet Suite 375\nBarkerberg, VA 12953','jsandoval@example.com','murilloalicia@example.net','4182835799','(716)518-8971x540',973618),(515,'1124 Henry Meadow Apt. 669\nMilesport, RI 01666','lawrence75@example.com','sruiz@example.org','5394586178','440.671.0691x0405',973686),(516,'620 Green Neck Apt. 212\nWest Jamesshire, AK 73918','lnorman@example.com','jonathan95@example.org','+1-956-866-7131x292','001-894-401-8016x713',973686),(517,'781 Ashley Ramp\nMichaelmouth, OK 57380','jenniferwells@example.com','sean23@example.com','+1-207-741-3402x32818','+1-937-374-4482x6613',973686),(518,'2667 Silva Ways\nPort Michellemouth, TN 72983','loribennett@example.net','marcus55@example.com','(362)491-7352x09220','(514)556-0851',973686),(519,'380 Christopher Route Apt. 906\nLake Tracychester, NM 68168','joseyoung@example.net','patriciasmith@example.com','913-724-3347','973.545.2934x4590',983063),(520,'Unit 0817 Box 8711\nDPO AE 13542','thomassara@example.com','josephanderson@example.net','001-600-537-8146x4504','(834)852-8275x56669',983063),(521,'71748 Jennifer Falls Apt. 059\nPort Rogerbury, MT 73289','pinedaandrew@example.com','brian28@example.org','229-786-2290','611.865.5078x2683',983063),(522,'6872 Beth Via\nTinamouth, PA 66844','paul73@example.com','johnmorris@example.org','(645)785-7719','505.477.9518x201',983063),(523,'3732 Elizabeth Club\nKennethtown, SD 63577','gabrielwilliams@example.net','nicholas80@example.net','469-638-0992x26688','926.975.4258x646',983965),(524,'200 Susan Plaza\nHammondberg, OR 72899','corey67@example.org','williamsmith@example.com','903.274.0460','831-940-8741',983965),(525,'Unit 1926 Box 3341\nDPO AE 35156','zmiller@example.org','jenniferrivas@example.com','563-554-6342x818','(665)407-9704',983965),(526,'13262 Susan Trafficway\nCunninghamchester, SC 92975','sampsonchristopher@example.org','jerry15@example.org','+1-655-473-1841x324','001-388-365-6657x312',983965),(527,'Unit 6806 Box 1989\nDPO AA 48607','hgrimes@example.org','uross@example.net','(207)858-6216x9368','001-652-428-6272x98169',983965),(528,'410 Hays Mountain\nNew Linda, IA 94793','icarter@example.com','sfigueroa@example.org','470-334-3563x806','(372)804-5675x402',997313);
/*!40000 ALTER TABLE `contactinfo` ENABLE KEYS */;
UNLOCK TABLES;

--
-- Table structure for table `degreework`
--

DROP TABLE IF EXISTS `degreework`;
/*!40101 SET @saved_cs_client     = @@character_set_client */;
/*!50503 SET character_set_client = utf8mb4 */;
CREATE TABLE `degreework` (
  `idDegreeWork` int NOT NULL AUTO_INCREMENT,
  `type` enum('BAPI','Thesis','Degree Work','Other') NOT NULL,
  `title` varchar(200) NOT NULL,
  `knwolegde_area` varchar(45) NOT NULL,
  `description` varchar(1000) DEFAULT NULL,
  `defense_date` date NOT NULL,
  `idGraduateHasProgram` int NOT NULL,
  PRIMARY KEY (`idDegreeWork`),
  KEY `fk_DegreeWork_Graduate_has_Program1_idx` (`idGraduateHasProgram`),
  CONSTRAINT `fk_DegreeWork_Graduate_has_Program1` FOREIGN KEY (`idGraduateHasProgram`) REFERENCES `graduate_has_program` (`idGraduateHasProgram`)
) ENGINE=InnoDB AUTO_INCREMENT=28 DEFAULT CHARSET=utf8mb3;
/*!40101 SET character_set_client = @saved_cs_client */;

--
-- Dumping data for table `degreework`
--

LOCK TABLES `degreework` WRITE;
/*!40000 ALTER TABLE `degreework` DISABLE KEYS */;
INSERT INTO `degreework` VALUES (1,'BAPI','Analysis of Market Trends in the Tech Industry','Business Analytics','This degree work analyzes the latest market trends in the technology industry, focusing on emerging technologies and their impact on business strategies.','2023-05-10',1),(2,'Thesis','Exploring Renewable Energy Solutions','Environmental Science','This thesis explores various renewable energy solutions and their potential to mitigate climate change. It includes case studies and theoretical frameworks.','2023-05-12',2),(3,'Degree Work','Impact of Social Media on Consumer Behavior','Marketing','This degree work examines the influence of social media platforms on consumer behavior and purchasing decisions. It includes surveys and data analysis.','2023-05-14',3),(4,'Other','Exploration of Artificial Intelligence Applications','Computer Science','This project explores different applications of artificial intelligence, including machine learning algorithms and neural networks.','2023-05-16',4),(5,'BAPI','Innovations in Healthcare Technology','Health Informatics','This BAPI project investigates recent innovations in healthcare technology, such as telemedicine platforms and wearable devices for monitoring health metrics.','2023-05-18',5),(6,'Thesis','Urban Planning Strategies for Sustainable Cities','Urban Planning','This thesis proposes urban planning strategies aimed at creating more sustainable and livable cities. It includes case studies and policy recommendations.','2023-05-20',6),(7,'Degree Work','Revolutionizing Education through Technology','Education Technology','This degree work explores the use of technology in transforming traditional educational practices. It includes the development of e-learning platforms and educational apps.','2023-05-22',7),(8,'Other','Exploring Cultural Impact on Consumer Preferences','Anthropology','This project investigates how cultural factors influence consumer preferences and purchasing behavior. It includes ethnographic research and qualitative analysis.','2023-05-24',8),(9,'BAPI','Analysis of Financial Markets Volatility','Finance','This BAPI project analyzes the volatility of financial markets, focusing on factors such as economic indicators and geopolitical events. It includes statistical modeling and risk assessment.','2023-05-26',9),(10,'Thesis','Advancements in Biomedical Engineering','Biomedical Engineering','This thesis explores recent advancements in biomedical engineering, including tissue engineering techniques and medical device innovations.','2023-05-28',10),(11,'Degree Work','Sustainable Agriculture Practices','Agriculture','This degree work examines sustainable agriculture practices aimed at improving food security and environmental sustainability. It includes case studies and agricultural experiments.','2023-05-30',11),(12,'Other','Exploration of Quantum Computing','Computer Science','This project explores the principles and applications of quantum computing, including quantum algorithms and quantum cryptography.','2023-06-01',12),(13,'BAPI','Analysis of Cryptocurrency Markets','Finance','This BAPI project analyzes cryptocurrency markets, including price trends and trading volumes. It includes data visualization and statistical analysis.','2023-06-03',13),(14,'Thesis','Implications of Climate Change on Biodiversity','Environmental Science','This thesis examines the implications of climate change on global biodiversity, including species extinction rates and habitat loss.','2023-06-05',14),(15,'Degree Work','Augmented Reality Applications in Education','Education Technology','This degree work explores the use of augmented reality technologies in enhancing educational experiences. It includes the development of AR learning modules.','2023-06-07',15),(16,'Other','Analysis of Cybersecurity Threats','Cybersecurity','This project analyzes cybersecurity threats facing organizations and individuals, including malware attacks and data breaches. It includes risk assessments and security audits.','2023-06-09',16),(17,'BAPI','Impact of Social Media Marketing Strategies','Marketing','This BAPI project investigates the impact of social media marketing strategies on brand awareness and consumer engagement. It includes case studies and social media analytics.','2023-06-11',17),(18,'Thesis','Exploration of Renewable Energy Policies','Environmental Policy','This thesis examines renewable energy policies implemented by governments worldwide and their effectiveness in promoting renewable energy adoption.','2023-06-13',18),(19,'Degree Work','Innovations in Sustainable Architecture','Architecture','This degree work explores innovations in sustainable architecture and green building technologies. It includes architectural designs and energy efficiency assessments.','2023-06-15',19),(20,'Other','Exploring Machine Learning Applications','Artificial Intelligence','This project explores various machine learning applications, including natural language processing and computer vision. It includes algorithm development and model training.','2023-06-17',20),(21,'BAPI','Analysis of E-Commerce Trends','E-Commerce','This BAPI project analyzes e-commerce trends, including consumer behavior and market competition. It includes data mining and predictive analytics.','2023-06-19',21),(22,'Thesis','Implications of Globalization on Business Strategies','International Business','This thesis examines the implications of globalization on business strategies and market dynamics. It includes case studies and strategic analyses.','2023-06-21',22),(23,'Degree Work','Enhancing Healthcare Delivery through Telemedicine','Healthcare Management','This degree work explores the use of telemedicine technologies in improving healthcare delivery and patient outcomes. It includes telehealth platform development and implementation strategies.','2023-06-23',23),(24,'Other','Exploration of Renewable Energy Sources','Energy Studies','This project explores various renewable energy sources, including solar, wind, and hydroelectric power. It includes feasibility studies and cost-benefit analyses.','2023-06-25',24),(25,'BAPI','Analysis of Supply Chain Management Practices','Supply Chain Management','This BAPI project analyzes supply chain management practices, including inventory management and logistics optimization. It includes process mapping and performance metrics evaluation.','2023-06-27',25),(26,'Thesis','Exploring Digital Marketing Strategies','Digital Marketing','This thesis examines digital marketing strategies used by businesses to reach their target audiences online. It includes case studies and marketing campaign analyses.','2023-06-29',26),(27,'Degree Work','Innovations in Renewable Energy Technologies','Renewable Energy Engineering','This degree work explores innovations in renewable energy technologies, including solar panels and wind turbines. It includes prototype development and performance testing.','2023-07-01',27);
/*!40000 ALTER TABLE `degreework` ENABLE KEYS */;
UNLOCK TABLES;

--
-- Table structure for table `department`
--

DROP TABLE IF EXISTS `department`;
/*!40101 SET @saved_cs_client     = @@character_set_client */;
/*!50503 SET character_set_client = utf8mb4 */;
CREATE TABLE `department` (
  `idDepartment` int NOT NULL AUTO_INCREMENT,
  `department_name` varchar(150) DEFAULT NULL,
  `idFaculty` int NOT NULL,
  PRIMARY KEY (`idDepartment`),
  KEY `fk_Department_Faculty1_idx` (`idFaculty`),
  CONSTRAINT `fk_Department_Faculty1` FOREIGN KEY (`idFaculty`) REFERENCES `faculty` (`idFaculty`)
) ENGINE=InnoDB AUTO_INCREMENT=296 DEFAULT CHARSET=utf8mb3;
/*!40101 SET character_set_client = @saved_cs_client */;

--
-- Dumping data for table `department`
--

LOCK TABLES `department` WRITE;
/*!40000 ALTER TABLE `department` DISABLE KEYS */;
INSERT INTO `department` VALUES (1,'Department of Medicine',1),(2,'Department of Engineering',2),(3,'Department of Law',3),(4,'Department of Physics',4),(5,'Department of Finance',5),(6,'Department of Electrical Engineering',6),(7,'Department of Surgery',7),(8,'Department of Philosophy',8),(9,'Department of Education',9),(10,'Department of Geology',10),(11,'Department of Mechanical Engineering',11),(12,'Department of Chemistry',12),(13,'Department of Urban Planning',13),(14,'Department of Management',14),(15,'Department of Linguistics',15),(16,'Department of International Law',16),(17,'Department of Biology',17),(18,'Department of Psychiatry',18),(19,'Department of Economics',19),(20,'Department of Literature',20),(21,'Department of Genetics',21),(22,'Department of Astrophysics',22),(23,'Department of Applied Mathematics',23),(24,'Department of Organic Chemistry',24),(25,'Department of Archaeology',25),(26,'Department of Civil Engineering',26),(27,'Department of Mathematics',27),(28,'Department of Sociology',28),(29,'Department of Computer Science',29),(30,'Department of Architecture',30),(31,'Department of Sociology',31),(32,'Department of Electrical Engineering',32),(33,'Department of Biology',33),(34,'Department of Medicine',34),(35,'Department of Business Administration',35),(36,'Department of History',36),(37,'Department of Mechanical Engineering',37),(38,'Department of Surgery',38),(39,'Department of Law',39),(40,'Department of Aerospace Engineering',40),(41,'Department of Medicine',41),(42,'Department of Civil Engineering',42),(43,'Department of International Law',43),(44,'Department of Physics',44),(45,'Department of Agriculture',45),(46,'Department of Environmental Science',46),(47,'Department of Mechanical Engineering',47),(48,'Department of Dentistry',48),(49,'Department of Literature',49),(50,'Department of Economics',50),(51,'Department of Quantum Physics',51),(52,'Department of Economics',52),(53,'Department of Information Technology',53),(54,'Department of Biology',54),(55,'Department of International Relations',55),(56,'Department of Mathematics',56),(57,'Department of Surgery',57),(58,'Department of Political Science',58),(59,'Department of Literature',59),(60,'Department of Business Administration',60),(61,'Department of Genetics',61),(62,'Department of Chemistry',62),(63,'Department of Computer Science',63),(64,'Department of Astronomy',64),(65,'Department of Cultural Studies',65),(66,'Department of Philosophy',66),(67,'Department of Neurology',67),(68,'Department of Economics',68),(69,'Department of Law',69),(70,'Department of Education',70),(71,'Department of Business Administration',71),(72,'Department of Civil Engineering',72),(73,'Department of Medicine',73),(74,'Department of Law',74),(75,'Department of Literature',75),(76,'Department of Biology',76),(77,'Department of Civil Engineering',77),(78,'Department of Surgery',78),(79,'Department of Sociology',79),(80,'Department of Literature',80),(81,'Department of Physics',81),(82,'Department of Electrical Engineering',82),(83,'Department of Medicine',83),(84,'Department of Anthropology',84),(85,'Department of History',85),(86,'Department of Mathematics',86),(87,'Department of Mechanical Engineering',87),(88,'Department of Surgery',88),(89,'Department of Psychology',89),(90,'Department of Literature',90),(91,'Department of Chemistry',91),(92,'Department of Civil Engineering',92),(93,'Department of Neurology',93),(94,'Department of Economics',94),(95,'Department of Literature',95),(96,'Department of Geography',96),(97,'Department of Electrical Engineering',97),(98,'Department of Surgery',98),(99,'Department of Sociology',99),(100,'Department of Literature',100),(101,'Department of Surgery',1),(102,'Department of Mechanical Engineering',2),(103,'Department of Criminal Law',3),(104,'Department of Astrophysics',4),(105,'Department of Finance',5),(106,'Department of Environmental Science',6),(107,'Department of Internal Medicine',7),(108,'Department of Linguistics',8),(109,'Department of Educational Psychology',9),(110,'Department of Geology',10),(111,'Department of Aerospace Engineering',11),(112,'Department of Biology',12),(113,'Department of Urban Design',13),(114,'Department of Marketing',14),(115,'Department of Literature',15),(116,'Department of International Trade Law',16),(117,'Department of Genetics',17),(118,'Department of Cardiology',18),(119,'Department of Sociology',19),(120,'Department of Music',20),(121,'Department of Marine Biology',21),(122,'Department of Pure Mathematics',22),(123,'Department of Statistics',23),(124,'Department of Inorganic Chemistry',24),(125,'Department of Archaeology',25),(126,'Department of Electrical Systems',26),(127,'Department of Botany',27),(128,'Department of Pediatrics',28),(129,'Department of Computer Engineering',29),(130,'Department of Urban Architecture',30),(131,'Department of Journalism',31),(132,'Department of Chemical Engineering',32),(133,'Department of Neurology',33),(134,'Department of Corporate Law',34),(135,'Department of Aerospace Engineering',35),(136,'Department of Dermatology',36),(137,'Department of Structural Engineering',37),(138,'Department of International Trade Law',38),(139,'Department of Astronomy',39),(140,'Department of Botany',40),(141,'Department of Zoology',41),(142,'Department of Civil Infrastructure',42),(143,'Department of Radiology',43),(144,'Department of Comparative Literature',44),(145,'Department of Financial Economics',45),(146,'Department of Nuclear Physics',46),(147,'Department of Macroeconomics',47),(148,'Department of Software Engineering',48),(149,'Department of Biochemistry',49),(150,'Department of Diplomatic Relations',50),(151,'Department of Geology',51),(152,'Department of Radiology',52),(153,'Department of International Relations',53),(154,'Department of Fine Arts',54),(155,'Department of Business Management',55),(156,'Department of Genetics',56),(157,'Department of Earth Sciences',57),(158,'Department of Software Engineering',58),(159,'Department of Astrophysics',59),(160,'Department of Social Anthropology',60),(161,'Department of Philosophy',61),(162,'Department of Psychiatry',62),(163,'Department of Business Administration',63),(164,'Department of Environmental Law',64),(165,'Department of Education',65),(166,'Department of Economics',66),(167,'Department of Civil Infrastructure',67),(168,'Department of Radiology',68),(169,'Department of Environmental Law',69),(170,'Department of Linguistics',70),(171,'Department of Marine Biology',71),(172,'Department of Mechanical Engineering',72),(173,'Department of Gynecology',73),(174,'Department of Political Science',74),(175,'Department of Fine Arts',75),(176,'Department of Astrophysics',76),(177,'Department of Electrical Engineering',77),(178,'Department of Neurology',78),(179,'Department of Economics',79),(180,'Department of Literature',80),(181,'Department of Microbiology',81),(182,'Department of Chemical Engineering',82),(183,'Department of Cardiology',83),(184,'Department of Sociology',84),(185,'Department of Archaeology',85),(186,'Department of Environmental Sciences',86),(187,'Department of Civil Engineering',87),(188,'Department of Psychiatry',88),(189,'Department of Sociology',89),(190,'Department of Literature',90),(191,'Department of Marine Biology',91),(192,'Department of Electrical Engineering',92),(193,'Department of Neurology',93),(194,'Department of Economics',94),(195,'Department of Literature',95),(201,'Department of Cardiology',1),(202,'Department of Mechanical Engineering',2),(203,'Department of Corporate Law',3),(204,'Department of Astrophysics',4),(205,'Department of Accounting',5),(206,'Department of Biomedical Engineering',6),(207,'Department of Pediatrics',7),(208,'Department of Literature',8),(209,'Department of Psychology',9),(210,'Department of Environmental Science',10),(211,'Department of Aerospace Engineering',11),(212,'Department of Molecular Biology',12),(213,'Department of Urban Development',13),(214,'Department of Supply Chain Management',14),(215,'Department of Linguistics',15),(216,'Department of Criminal Law',16),(217,'Department of Environmental Science',17),(218,'Department of Neurology',18),(219,'Department of Sociology',19),(220,'Department of Archaeology',20),(221,'Department of Marine Biology',21),(222,'Department of Pure Mathematics',22),(223,'Department of Statistics',23),(224,'Department of Inorganic Chemistry',24),(225,'Department of Linguistics',25),(226,'Department of Structural Engineering',26),(227,'Department of Astronomy',27),(228,'Department of Anthropology',28),(229,'Department of Data Science',29),(230,'Department of Urban Planning',30),(231,'Department of International Relations',31),(232,'Department of Electrical and Computer Engineering',32),(233,'Department of Anesthesiology',33),(234,'Department of Tax Law',34),(235,'Department of Civil Engineering',35),(236,'Department of Internal Medicine',36),(237,'Department of Architecture',37),(238,'Department of Criminal Law',38),(239,'Department of Computer Science',39),(240,'Department of Horticulture',40),(241,'Department of Marine Science',41),(242,'Department of Civil Engineering',42),(243,'Department of Dermatology',43),(244,'Department of Film Studies',44),(245,'Department of Marketing',45),(246,'Department of Quantum Mechanics',46),(247,'Department of Political Economy',47),(248,'Department of Computer Engineering',48),(249,'Department of Biochemistry',49),(250,'Department of International Law',50),(251,'Department of Bioinformatics',51),(252,'Department of Obstetrics and Gynecology',52),(253,'Department of Political Science',53),(254,'Department of Archaeology',54),(255,'Department of Business Analytics',55),(256,'Department of Genetics',56),(257,'Department of Environmental Chemistry',57),(258,'Department of Artificial Intelligence',58),(259,'Department of Astrophysics',59),(260,'Department of Cultural Studies',60),(261,'Department of Linguistics',61),(262,'Department of Psychiatry',62),(263,'Department of Macroeconomics',63),(264,'Department of Criminal Law',64),(265,'Department of Education',65),(266,'Department of International Business',66),(267,'Department of Structural Engineering',67),(268,'Department of Cardiology',68),(269,'Department of Tax Law',69),(270,'Department of Literature',70),(271,'Department of Genetics',71),(272,'Department of Civil Engineering',72),(273,'Department of Neurology',73),(274,'Department of Sociology',74),(275,'Department of Literature',75),(276,'Department of Quantum Mechanics',76),(277,'Department of Electrical Engineering',77),(278,'Department of Surgery',78),(279,'Department of Anthropology',79),(280,'Department of History',80),(281,'Department of Mathematics',81),(282,'Department of Mechanical Engineering',82),(283,'Department of Surgery',83),(284,'Department of Psychology',84),(285,'Department of Literature',85),(286,'Department of Chemistry',86),(287,'Department of Civil Engineering',87),(288,'Department of Neurology',88),(289,'Department of Macroeconomics',89),(290,'Department of Linguistics',90),(291,'Department of Geography',91),(292,'Department of Electrical Engineering',92),(293,'Department of Surgery',93),(294,'Department of Sociology',94),(295,'Department of Literature',95);
/*!40000 ALTER TABLE `department` ENABLE KEYS */;
UNLOCK TABLES;

--
-- Table structure for table `employmentoffer`
--

DROP TABLE IF EXISTS `employmentoffer`;
/*!40101 SET @saved_cs_client     = @@character_set_client */;
/*!50503 SET character_set_client = utf8mb4 */;
CREATE TABLE `employmentoffer` (
  `idEmploymentOffer` int NOT NULL AUTO_INCREMENT,
  `idServicesToGraduates` int DEFAULT NULL,
  `company_name` varchar(45) NOT NULL,
  `available_until_date` date NOT NULL,
  `contact_email` varchar(150) NOT NULL,
  `seeking_knowledge_area` varchar(45) DEFAULT NULL,
  `seeking_academic_lvl` enum('Undergraduate','Graduate','Doctorate') DEFAULT NULL,
  PRIMARY KEY (`idEmploymentOffer`),
  KEY `fk_EmploymentOffer_GraduateSupport1_idx` (`idServicesToGraduates`),
  CONSTRAINT `fk_EmploymentOffer_GraduateSupport1` FOREIGN KEY (`idServicesToGraduates`) REFERENCES `servicestograduates` (`idServicesToGraduates`)
) ENGINE=InnoDB AUTO_INCREMENT=16 DEFAULT CHARSET=utf8mb3;
/*!40101 SET character_set_client = @saved_cs_client */;

--
-- Dumping data for table `employmentoffer`
--

LOCK TABLES `employmentoffer` WRITE;
/*!40000 ALTER TABLE `employmentoffer` DISABLE KEYS */;
INSERT INTO `employmentoffer` VALUES (1,1,'ABC Tech','2024-06-30','hr@abc.com','Software Engineering','Graduate'),(2,2,'Finance Corp','2024-07-15','jobs@financecorp.com','Finance','Doctorate'),(3,3,'AI Innovations','2024-08-10','info@aiinnovations.com','Artificial Intelligence','Graduate'),(4,4,'Constitutional Law Firm','2024-08-25','recruitment@lawfirm.com','Law',NULL),(5,5,'Data Analytics Inc.','2024-09-20','careers@datainc.com','Data Science','Graduate'),(6,6,'Python Solutions','2024-10-05','info@pythonsolutions.com','Software Development','Undergraduate'),(7,7,'Precision Medicine Labs','2024-10-20','hr@precisionlabs.com','Medicine','Doctorate'),(8,8,'Philosophy Forum','2024-11-15','philosophy@forum.com','Philosophy','Graduate'),(9,9,'Education Analytics','2024-12-10','info@educationanalytics.com','Education','Graduate'),(10,10,'Surgical Specialists','2025-01-05','careers@surgicalspecialists.com','Medicine','Graduate'),(11,11,'Renewable Solutions Ltd.','2025-02-01','info@renewablesolutions.com','Renewable Energy','Undergraduate'),(12,12,'Chemical Research Institute','2025-02-28','research@chemicalinstitute.com','Chemistry',NULL),(13,13,'Urban Planning Associates','2025-03-15','jobs@urbanplanning.com','Urban Planning','Graduate'),(14,14,'Management Consultancy Group','2025-04-10','careers@managementgroup.com','Management','Doctorate'),(15,15,'Language Technology Solutions','2025-05-05','info@languagetech.com','Linguistics','Graduate');
/*!40000 ALTER TABLE `employmentoffer` ENABLE KEYS */;
UNLOCK TABLES;

--
-- Table structure for table `faculty`
--

DROP TABLE IF EXISTS `faculty`;
/*!40101 SET @saved_cs_client     = @@character_set_client */;
/*!50503 SET character_set_client = utf8mb4 */;
CREATE TABLE `faculty` (
  `idFaculty` int NOT NULL AUTO_INCREMENT,
  `faculty_name` varchar(150) DEFAULT NULL,
  `idUniversity` int NOT NULL,
  PRIMARY KEY (`idFaculty`),
  KEY `fk_Faculty_University1_idx` (`idUniversity`),
  CONSTRAINT `fk_Faculty_University1` FOREIGN KEY (`idUniversity`) REFERENCES `university` (`idUniversity`)
) ENGINE=InnoDB AUTO_INCREMENT=101 DEFAULT CHARSET=utf8mb3;
/*!40101 SET character_set_client = @saved_cs_client */;

--
-- Dumping data for table `faculty`
--

LOCK TABLES `faculty` WRITE;
/*!40000 ALTER TABLE `faculty` DISABLE KEYS */;
INSERT INTO `faculty` VALUES (1,'Faculty of Medicine',1),(2,'Faculty of Engineering',1),(3,'Faculty of Law',1),(4,'Faculty of Arts and Sciences',1),(5,'Faculty of Business Administration',1),(6,'School of Engineering',2),(7,'School of Medicine',2),(8,'School of Humanities and Sciences',2),(9,'Graduate School of Education',2),(10,'School of Earth, Energy & Environmental Sciences',2),(11,'School of Engineering and Applied Sciences',3),(12,'School of Science',3),(13,'School of Architecture and Planning',3),(14,'School of Management',3),(15,'School of Humanities, Arts, and Social Sciences',3),(16,'Faculty of Law',4),(17,'Faculty of Natural Sciences',4),(18,'Faculty of Medicine',4),(19,'Faculty of Social Sciences',4),(20,'Faculty of Arts',4),(21,'Faculty of Biology',5),(22,'Faculty of Physics and Astronomy',5),(23,'Faculty of Mathematics',5),(24,'Faculty of Chemistry',5),(25,'Faculty of History',5),(26,'Faculty of Engineering',6),(27,'Faculty of Mathematics and Natural Sciences',6),(28,'Faculty of Humanities, Social, and Political Sciences',6),(29,'Faculty of Computer Science',6),(30,'Faculty of Architecture and Civil Engineering',6),(31,'Faculty of Arts and Social Sciences',7),(32,'Faculty of Engineering',7),(33,'Faculty of Science',7),(34,'Yong Loo Lin School of Medicine',7),(35,'School of Business',7),(36,'Faculty of Arts and Science',8),(37,'Faculty of Engineering',8),(38,'Faculty of Medicine',8),(39,'Faculty of Law',8),(40,'Faculty of Applied Science and Engineering',8),(41,'Faculty of Medicine',9),(42,'Faculty of Engineering',9),(43,'Faculty of Law',9),(44,'Faculty of Science',9),(45,'Faculty of Agriculture',9),(46,'Faculty of Science',10),(47,'Melbourne School of Engineering',10),(48,'Faculty of Medicine, Dentistry, and Health Sciences',10),(49,'Faculty of Arts',10),(50,'Faculty of Business and Economics',10),(51,'School of Physics',11),(52,'School of Economics',11),(53,'School of Information Science and Technology',11),(54,'School of Life Sciences',11),(55,'School of International Studies',11),(56,'Faculty of Sciences',12),(57,'Faculty of Medicine',12),(58,'Faculty of Law and Political Science',12),(59,'Faculty of Arts and Humanities',12),(60,'Faculty of Economic and Management Sciences',12),(61,'Faculty of Biosciences',13),(62,'Faculty of Chemistry and Earth Sciences',13),(63,'Faculty of Mathematics and Computer Science',13),(64,'Faculty of Physics and Astronomy',13),(65,'Faculty of Behavioral and Cultural Studies',13),(66,'Faculty of Philosophy, Letters and Human Sciences',14),(67,'Faculty of Medicine',14),(68,'Faculty of Economics, Administration and Accounting',14),(69,'Faculty of Law',14),(70,'Faculty of Education',14),(71,'Faculty of Commerce',15),(72,'Faculty of Engineering & the Built Environment',15),(73,'Faculty of Health Sciences',15),(74,'Faculty of Law',15),(75,'Faculty of Humanities',15),(76,'Faculty of Science',16),(77,'Faculty of Engineering',16),(78,'Faculty of Medicine',16),(79,'Faculty of Social Sciences',16),(80,'Faculty of Arts',16),(81,'Faculty of Science',17),(82,'Faculty of Engineering',17),(83,'Faculty of Medicine',17),(84,'Faculty of Social Sciences',17),(85,'Faculty of Arts',17),(86,'Faculty of Science',18),(87,'Faculty of Engineering',18),(88,'Faculty of Medicine',18),(89,'Faculty of Social Sciences',18),(90,'Faculty of Arts',18),(91,'Faculty of Science',19),(92,'Faculty of Engineering',19),(93,'Faculty of Medicine',19),(94,'Faculty of Social Sciences',19),(95,'Faculty of Arts',19),(96,'Faculty of Science',20),(97,'Faculty of Engineering',20),(98,'Faculty of Medicine',20),(99,'Faculty of Social Sciences',20),(100,'Faculty of Arts',20);
/*!40000 ALTER TABLE `faculty` ENABLE KEYS */;
UNLOCK TABLES;

--
-- Table structure for table `graduate`
--

DROP TABLE IF EXISTS `graduate`;
/*!40101 SET @saved_cs_client     = @@character_set_client */;
/*!50503 SET character_set_client = utf8mb4 */;
CREATE TABLE `graduate` (
  `idGraduate` int NOT NULL,
  `docTipe` enum('CC','Passport','CE','Other') NOT NULL,
  `name` varchar(45) NOT NULL,
  `lastname` varchar(45) NOT NULL,
  `gender` enum('M','F','Other') NOT NULL,
  `ethnics` varchar(45) DEFAULT NULL,
  `pbm` int DEFAULT NULL,
  `stratum` varchar(45) DEFAULT NULL,
  `birthday` date DEFAULT NULL,
  PRIMARY KEY (`idGraduate`),
  UNIQUE KEY `id_UNIQUE` (`idGraduate`)
) ENGINE=InnoDB DEFAULT CHARSET=utf8mb3;
/*!40101 SET character_set_client = @saved_cs_client */;

--
-- Dumping data for table `graduate`
--

LOCK TABLES `graduate` WRITE;
/*!40000 ALTER TABLE `graduate` DISABLE KEYS */;
INSERT INTO `graduate` VALUES (5568,'CE','Ryan','Ellis','M','Asian',18,'3','1987-11-21'),(9304,'Passport','Joshua','Jones','M','Other',34,'6','1970-06-02'),(9754,'CC','Jill','Mills','F','Other',3,'4','1995-01-24'),(10333,'Passport','Sarah','Johnson','M','Hispanic',NULL,'3','2000-06-09'),(10985,'CC','Justin','Johnson','M','Caucasian',3,'3','1980-03-19'),(11776,'Other','Kimberly','Parker','F','Asian',16,'1','1970-02-27'),(13433,'Passport','Mark','Martin','M','Caucasian',85,'6','1995-01-13'),(28156,'CC','Sierra','Tate','F','Hispanic',74,'6','1971-03-19'),(46782,'CC','Jessica','Castillo','F','Hispanic',47,'2','1995-05-13'),(57597,'Other','Zachary','Diaz','F','Asian',53,'1','1993-02-08'),(60159,'CC','Andrea','Lopez','F','Asian',NULL,'5','1979-07-22'),(62275,'Other','Christopher','Gardner','M','Hispanic',9,'3','1970-09-30'),(67260,'Other','Amanda','Taylor','F','Asian',42,'3','1975-10-10'),(75581,'CC','Robert','Wilson','Other','Asian',51,'6','1999-04-15'),(76296,'CC','Rebecca','Turner','Other','Other',NULL,'4','1972-03-12'),(78250,'Passport','Travis','Mcdonald','M','Asian',26,'1','1978-11-30'),(79995,'Passport','Nicholas','May','Other','Hispanic',25,'4','1995-08-09'),(81795,'Other','Rachel','Garcia','M','Other',84,'5','1998-03-01'),(82512,'CC','Alyssa','Martin','F','Hispanic',76,'5','1986-07-21'),(87246,'CC','Rachael','Harris','Other','Caucasian',83,'4','1989-12-09'),(88590,'CC','Kevin','Garrett','F','Hispanic',4,'2','1989-08-26'),(94301,'Other','Kathy','Evans','M','Caucasian',86,'5','1982-01-14'),(95624,'CC','Edward','Russell','F','Hispanic',8,'5','2000-12-22'),(99322,'Other','Steven','Houston','F','Asian',72,'5','1973-04-30'),(100203,'Other','Jim','Brown','F','Caucasian',4,'2','1985-06-10'),(111179,'CC','Stephanie','Leblanc','M','Asian',52,'3','1993-12-29'),(113471,'Other','Lucas','Cox','M','Asian',NULL,'5','1998-04-04'),(115640,'CE','Amy','Ramirez','F','Asian',99,'3','1979-09-04'),(121270,'Passport','Alexander','Romero','F','African American',28,'4','1975-09-27'),(138872,'CE','Christine','Young','M','Other',63,'1','1993-07-26'),(139538,'CC','Bryan','Lara','Other','Caucasian',52,'5','1981-07-25'),(140371,'Passport','Destiny','Anthony','Other','Other',42,'3','1975-02-25'),(143609,'Passport','Jonathon','Harrison','Other','Other',90,'3','1973-01-10'),(144440,'CE','Melissa','Garcia','M','Caucasian',1,'6','1993-03-27'),(146519,'CC','Travis','Rodriguez','Other','Hispanic',85,'6','1972-07-01'),(146647,'CC','Christina','Black','M','Hispanic',3,'1','1983-12-18'),(155351,'Passport','Stephen','Wade','Other','Asian',19,'4','1983-07-09'),(161685,'CC','Gregory','Hall','Other','Hispanic',20,'1','1983-08-12'),(161792,'Other','Stephen','Williams','Other','Other',NULL,'4','1974-07-14'),(170827,'CC','Rebecca','Barber','Other','African American',43,'1','1991-06-22'),(173543,'CC','Mike','Ruiz','Other','Other',3,'4','1984-08-10'),(174365,'Passport','Daniel','Moore','M','Other',95,'6','1982-03-22'),(179222,'CC','Jeffrey','Boyle','F','Hispanic',62,'5','1990-10-07'),(180509,'CC','Donald','Davis','M','Asian',54,'5','1982-09-17'),(187089,'Passport','Michelle','Herrera','F','Asian',76,'4','1974-05-02'),(194388,'Passport','Rita','Smith','Other','Asian',NULL,'4','1986-10-27'),(206228,'CC','Juan','Mcdonald','M','Caucasian',42,'3','1998-03-03'),(212258,'Other','Nicholas','Lynch','F','Asian',82,'1','1970-11-11'),(213129,'Passport','Sean','Smith','M','African American',63,'5','1976-05-17'),(214493,'Passport','John','Gutierrez','F','Caucasian',84,'3','1999-09-19'),(215231,'CC','Jane','Gray','F','Other',63,'5','1991-03-29'),(217804,'CE','Jessica','Ray','M','Other',78,'1','1997-07-31'),(219426,'Passport','Vincent','Wood','F','Other',NULL,'1','1993-06-30'),(221375,'Other','Tyler','Weeks','F','Other',66,'1','1981-04-04'),(227399,'Passport','Todd','Jensen','F','Asian',8,'1','1997-03-12'),(240365,'Other','Christina','Vazquez','Other','African American',60,'1','1998-02-21'),(241874,'CE','Kevin','Burch','Other','Hispanic',55,'2','1978-07-28'),(241903,'CE','Michael','Howard','Other','African American',42,'1','1978-08-25'),(245386,'CC','Kevin','Smith','M','Asian',NULL,'1','1993-01-22'),(250515,'Other','Kevin','Johnson','M','Asian',62,'3','1972-04-01'),(251417,'CE','Scott','Davis','Other','Caucasian',79,'2','1995-10-14'),(257234,'Other','Trevor','Cruz','Other','Other',19,'3','1979-06-14'),(280436,'Passport','Jonathan','Brown','F','Asian',6,'1','2000-05-15'),(281685,'Other','Eric','Kirby','F','Other',12,'4','1988-12-01'),(297188,'CE','Christine','Brewer','M','Caucasian',NULL,'6','1978-07-16'),(299664,'Other','Dawn','Morton','F','Caucasian',57,'4','1980-06-08'),(306820,'Other','Virginia','Carroll','M','African American',33,'5','1989-10-24'),(316666,'Other','Denise','Molina','Other','Other',NULL,'1','1972-02-29'),(326347,'Other','Margaret','Carey','F','African American',21,'1','1978-02-20'),(327410,'Other','Erin','Coleman','Other','African American',50,'4','1995-07-02'),(341464,'Passport','Cindy','Hancock','Other','Asian',22,'1','1999-03-05'),(345219,'Passport','Cindy','Lee','F','Asian',99,'3','1979-03-26'),(348289,'Other','Jimmy','Hubbard','M','Hispanic',19,'1','2000-04-03'),(360916,'CC','Renee','Morgan','M','Other',65,'2','1992-11-18'),(365942,'CC','Darrell','Douglas','Other','African American',93,'6','1999-04-21'),(369846,'Other','Marie','Leach','M','African American',90,'2','1996-12-30'),(374374,'CC','Benjamin','Brown','M','Hispanic',67,'5','1974-12-31'),(385266,'Passport','Melissa','Washington','Other','Asian',51,'1','1972-02-19'),(386378,'CC','Shirley','Howard','M','Other',82,'4','1977-09-06'),(386751,'CE','Angela','Wilkerson','Other','Asian',23,'3','1993-09-22'),(387111,'CE','Jeffrey','Mcgrath','M','Other',28,'6','1978-12-12'),(389331,'CC','Corey','Clark','Other','Other',98,'6','1995-04-07'),(394317,'Other','Ana','Boyd','M','Hispanic',61,'6','1999-10-16'),(398194,'CC','Brian','Stafford','M','African American',43,'1','1999-02-11'),(402396,'Other','Manuel','Parker','F','Asian',64,'1','1997-03-27'),(409744,'CC','Karen','Clark','F','Other',33,'2','1995-10-08'),(414383,'Passport','Gabriel','Henry','M','Hispanic',70,'6','1988-05-30'),(415037,'Passport','Michaela','White','Other','African American',73,'2','1998-07-21'),(421716,'Other','Michael','Payne','M','Asian',20,'6','1993-03-11'),(422031,'CC','Hunter','Collins','Other','Hispanic',NULL,'1','1983-08-08'),(423670,'Other','Eddie','Turner','F','Other',61,'2','1988-01-29'),(424008,'Passport','Mike','Long','F','Hispanic',NULL,'6','1983-09-07'),(424266,'Passport','Alexis','Schwartz','M','Asian',82,'6','1982-10-04'),(431198,'CC','Christina','Kelly','Other','Asian',46,'4','1996-12-30'),(434277,'Passport','David','Stewart','F','African American',13,'1','1995-02-11'),(435277,'CE','Justin','Miller','F','Asian',59,'5','1982-03-29'),(438563,'CE','Matthew','Webster','Other','African American',76,'6','1997-02-11'),(449187,'Other','Chad','Baker','F','African American',9,'5','1998-05-09'),(449369,'CC','Leslie','Ferrell','Other','African American',NULL,'6','1979-04-04'),(450083,'Other','Daniel','King','Other','Hispanic',7,'3','1985-08-27'),(459181,'Other','Kimberly','Davis','F','Caucasian',16,'6','1971-05-17'),(472918,'Other','Kelly','Kelly','Other','Asian',74,'1','1977-11-07'),(477927,'CC','Sheila','Mathews','F','Other',NULL,'5','1981-03-29'),(479798,'CC','Jonathon','Edwards','F','Asian',NULL,'4','1994-07-02'),(482630,'Other','Matthew','Hall','M','Asian',8,'3','1978-10-24'),(482750,'CE','Pamela','Jones','M','Hispanic',NULL,'2','1972-01-11'),(484377,'CE','Carolyn','Lopez','Other','Caucasian',79,'6','1999-12-25'),(493412,'CE','Sarah','Ortega','F','Asian',12,'3','1971-12-02'),(496078,'Passport','Michelle','Harris','F','Hispanic',76,'4','1988-02-21'),(496804,'Passport','Alexander','Vasquez','F','Hispanic',9,'6','1987-03-06'),(500201,'Other','Katherine','Fisher','F','Other',65,'2','1972-05-13'),(502926,'Passport','Christine','Green','M','Caucasian',NULL,'3','1994-06-19'),(515231,'CC','Michelle','Phillips','Other','Hispanic',NULL,'1','1993-09-14'),(543004,'Other','Evan','Rivera','F','Asian',NULL,'6','1973-08-14'),(547302,'Passport','Denise','Dorsey','M','Asian',47,'5','1988-02-07'),(547657,'CE','Dave','Walton','M','Hispanic',83,'6','1973-07-29'),(557888,'Passport','Richard','Acosta','F','Asian',97,'4','1993-05-30'),(570496,'Other','Crystal','Griffith','Other','African American',81,'1','1999-12-17'),(573501,'Passport','Jessica','Hernandez','M','Asian',NULL,'1','1999-05-10'),(580209,'Other','Janet','Carroll','M','Caucasian',80,'5','1991-04-05'),(583923,'Passport','Jacqueline','Rodriguez','F','Caucasian',47,'3','1995-11-16'),(590074,'CE','Steven','Gutierrez','Other','Other',23,'6','1978-11-14'),(591032,'CE','April','Anderson','Other','Other',93,'1','1978-06-17'),(592134,'CC','Rachel','Sanders','M','African American',73,'3','1973-07-23'),(596267,'CC','Joshua','Clarke','Other','African American',78,'4','1986-04-29'),(602405,'Passport','Timothy','Adams','M','Other',NULL,'3','1983-08-09'),(607417,'Passport','Jeremy','Rubio','M','Hispanic',76,'3','1972-04-27'),(611462,'CC','Jennifer','Allison','M','Other',57,'4','1985-07-22'),(613007,'Passport','Stephanie','Hill','Other','Asian',34,'1','2000-10-17'),(614408,'CE','Christopher','Carter','F','Hispanic',78,'5','1990-10-08'),(621100,'CC','Sandra','Burke','M','Caucasian',1,'4','1988-12-22'),(631170,'Other','Valerie','Smith','Other','Asian',58,'1','1999-07-05'),(635569,'CE','Kyle','Armstrong','F','Asian',9,'2','1984-10-08'),(643474,'Passport','Jasmine','Anderson','M','African American',NULL,'6','1995-11-13'),(649355,'Passport','David','Martin','F','Other',25,'3','1991-12-15'),(661935,'Passport','Mark','Smith','F','Asian',70,'5','1985-08-12'),(669234,'Other','Jenna','Brown','F','Hispanic',90,'5','1983-10-03'),(670580,'CC','Michaela','Gonzales','Other','Other',NULL,'2','1989-11-06'),(679009,'Other','Jennifer','King','M','Hispanic',52,'5','1973-08-29'),(696787,'Other','Jeffrey','Ramirez','F','African American',31,'4','1970-10-07'),(699245,'Passport','Vicki','Nixon','Other','African American',89,'4','1997-08-18'),(704363,'CC','Jordan','Chan','Other','Hispanic',18,'1','1997-12-16'),(706634,'CC','Tonya','Rodriguez','F','Hispanic',NULL,'2','1972-10-30'),(721148,'Other','Christopher','Meza','F','Other',60,'4','1982-07-22'),(735993,'CC','John','Wiggins','M','Hispanic',50,'2','1987-10-29'),(736536,'Other','Ashley','Owens','Other','Asian',44,'6','2000-03-15'),(739818,'Other','Kristi','Green','F','Asian',31,'3','1986-10-28'),(745207,'Other','Brianna','Ryan','F','African American',91,'2','1985-01-16'),(745818,'CC','Donna','Peterson','Other','Hispanic',46,'1','1997-11-26'),(753519,'Passport','David','Martinez','Other','Hispanic',68,'1','1973-11-23'),(756733,'CC','Kelly','Walker','M','Asian',78,'2','1995-04-07'),(758054,'CE','Zachary','Evans','F','Hispanic',NULL,'1','1975-11-05'),(761368,'CC','Mary','Butler','M','Other',33,'5','1997-06-24'),(771555,'Other','Derek','Mccoy','F','Hispanic',NULL,'1','1983-11-18'),(777208,'Passport','Lance','Brown','Other','Caucasian',56,'3','1971-05-06'),(779942,'Passport','Austin','Schneider','M','African American',77,'1','2000-03-13'),(782881,'CE','Rachel','Olsen','Other','Caucasian',1,'6','1979-03-16'),(788537,'Passport','Jon','Smith','M','African American',91,'4','1989-06-02'),(795456,'Other','Brittany','Norman','F','Hispanic',54,'3','1996-11-27'),(797066,'CE','Raymond','Brown','M','Hispanic',100,'5','1987-03-17'),(797163,'Passport','Linda','Hart','F','Other',71,'4','1988-09-24'),(805938,'CE','Jeremy','Garrett','Other','Asian',7,'5','1992-09-20'),(810207,'CC','Melanie','Gray','Other','Other',73,'2','1997-06-03'),(815391,'CC','Tanya','Castillo','M','Hispanic',77,'4','1975-02-12'),(819902,'Passport','Rachel','Velasquez','F','African American',NULL,'3','1979-12-23'),(824305,'CE','Melissa','Durham','M','Asian',NULL,'3','1975-09-14'),(826123,'CE','Jennifer','Ho','Other','Caucasian',13,'5','1981-05-21'),(829674,'CE','Sarah','Navarro','Other','African American',NULL,'2','1971-07-04'),(832720,'CE','Holly','Diaz','M','African American',91,'6','1980-12-03'),(836355,'Other','Tammy','Johnson','M','Other',76,'1','1974-01-30'),(839066,'Other','Carrie','Parker','Other','African American',91,'1','1995-05-21'),(839491,'CE','Yvonne','Jackson','F','African American',53,'1','1971-12-01'),(854407,'CC','Kayla','Mitchell','M','African American',91,'1','1982-11-05'),(856699,'Other','Taylor','Harris','Other','Caucasian',59,'1','1996-03-12'),(856889,'Other','Ronald','Barrett','F','Asian',95,'6','1999-06-13'),(863041,'Passport','Jeffrey','Russell','M','Asian',2,'1','1992-03-29'),(867340,'CE','Francisco','Campbell','Other','Other',32,'3','1989-07-09'),(879139,'Passport','Ashley','Harris','F','Hispanic',72,'1','1991-05-23'),(881899,'CE','Jaclyn','Cooley','F','Other',4,'4','1970-02-26'),(884685,'CE','Amber','Chan','M','Other',NULL,'3','1979-04-30'),(887720,'CE','Matthew','Sanders','Other','Asian',71,'1','1990-03-16'),(889093,'Other','Robert','Frazier','M','Other',70,'4','1989-10-13'),(898138,'CE','Phillip','Moore','M','African American',98,'1','1978-06-17'),(898191,'Other','Ashley','Fisher','Other','Asian',NULL,'4','1999-01-25'),(900940,'CE','Courtney','Davila','F','Hispanic',NULL,'3','1977-02-20'),(911267,'Passport','Benjamin','Norris','Other','Asian',NULL,'2','1991-06-08'),(912031,'Other','Bradley','Donaldson','F','Other',79,'3','1978-08-27'),(914707,'CE','Lisa','Moore','F','African American',3,'6','1989-02-23'),(922716,'CC','John','Lopez','Other','Caucasian',82,'2','1995-12-19'),(926960,'Passport','Brian','Stein','F','Caucasian',59,'5','1985-05-13'),(929242,'CE','Gabriel','Vaughn','M','Other',85,'6','1980-06-21'),(929253,'Other','Dustin','Cooper','Other','Hispanic',58,'4','1985-11-09'),(950248,'Other','Pamela','Collins','M','Asian',58,'4','2000-05-25'),(950991,'CC','Anthony','Fields','M','Hispanic',44,'4','1970-08-09'),(951161,'CC','Tara','Navarro','F','Caucasian',35,'3','1985-05-16'),(973618,'CE','Elizabeth','Rodriguez','M','Other',50,'3','1981-09-16'),(973686,'Passport','Jennifer','Burton','M','Asian',47,'5','1987-01-07'),(983063,'Other','Ashley','Scott','F','Asian',91,'5','1976-05-20'),(983965,'CE','Kelsey','Kelly','F','Other',75,'3','1990-08-31'),(997313,'CE','Barry','Leblanc','Other','Hispanic',45,'4','1970-08-28');
/*!40000 ALTER TABLE `graduate` ENABLE KEYS */;
UNLOCK TABLES;

--
-- Table structure for table `graduate_has_program`
--

DROP TABLE IF EXISTS `graduate_has_program`;
/*!40101 SET @saved_cs_client     = @@character_set_client */;
/*!50503 SET character_set_client = utf8mb4 */;
CREATE TABLE `graduate_has_program` (
  `idGraduateHasProgram` int NOT NULL AUTO_INCREMENT,
  `idGraduate` int NOT NULL,
  `idProgram` int NOT NULL,
  `start_date` date NOT NULL,
  `end_date` date DEFAULT NULL,
  `academic_avg` decimal(2,1) DEFAULT NULL,
  PRIMARY KEY (`idGraduateHasProgram`),
  KEY `fk_Graduate_has_Program_Program1_idx` (`idProgram`),
  KEY `fk_Graduate_has_Program_Graduate1_idx` (`idGraduate`),
  CONSTRAINT `fk_Graduate_has_Program_Graduate1` FOREIGN KEY (`idGraduate`) REFERENCES `graduate` (`idGraduate`),
  CONSTRAINT `fk_Graduate_has_Program_Program1` FOREIGN KEY (`idProgram`) REFERENCES `program` (`idProgram`)
) ENGINE=InnoDB AUTO_INCREMENT=201 DEFAULT CHARSET=utf8mb3;
/*!40101 SET character_set_client = @saved_cs_client */;

--
-- Dumping data for table `graduate_has_program`
--

LOCK TABLES `graduate_has_program` WRITE;
/*!40000 ALTER TABLE `graduate_has_program` DISABLE KEYS */;
INSERT INTO `graduate_has_program` VALUES (1,423670,35,'2018-03-11','2023-03-11',3.5),(2,100203,2,'2012-03-18','2021-03-18',0.2),(3,777208,10,'2005-09-30','2010-09-30',3.4),(4,631170,39,'2010-01-07','2016-01-07',3.7),(5,797066,23,'2006-05-10','2012-05-10',0.1),(6,898138,28,'2018-01-21','2024-01-21',3.0),(7,867340,14,'2012-11-27','2018-11-27',0.5),(8,348289,1,'2005-02-05','2014-02-05',0.9),(9,215231,16,'2019-05-10','2024-05-10',2.4),(10,257234,47,'2010-08-29','2015-08-29',3.3),(11,5568,29,'2010-02-28','2017-02-28',2.0),(12,76296,44,'2005-03-27','2009-03-27',3.5),(13,815391,10,'2004-06-19','2008-06-19',1.8),(14,482750,14,'2015-11-22','2024-11-22',0.2),(15,912031,7,'2010-11-09','2017-11-09',1.8),(16,423670,10,'2019-05-29','2027-05-29',0.4),(17,219426,14,'2019-05-22','2026-05-22',1.3),(18,832720,27,'2007-02-07','2011-02-07',0.3),(19,281685,8,'2004-10-04','2008-10-04',1.5),(20,607417,28,'2009-01-10','2015-01-10',2.8),(21,788537,23,'2013-09-30','2021-09-30',3.0),(22,180509,37,'2015-12-22','2020-12-22',2.9),(23,385266,43,'2006-10-22','2015-10-22',3.5),(24,374374,6,'2013-03-26','2018-03-26',0.4),(25,398194,17,'2014-12-16','2021-12-16',1.5),(26,614408,36,'2019-05-25','2028-05-25',4.2),(27,591032,32,'2007-11-10','2013-11-10',4.5),(28,348289,5,'2004-12-20','2011-12-20',4.9),(29,227399,9,'2005-07-07','2011-07-07',1.6),(30,421716,7,'2007-01-29','2015-01-29',4.2),(31,602405,33,'2017-04-27','2025-04-27',2.1),(32,863041,40,'2014-07-14','2020-07-14',2.8),(33,394317,40,'2014-12-25','2018-12-25',0.5),(34,973618,5,'2006-03-26','2011-03-26',1.4),(35,316666,10,'2014-01-06','2021-01-06',0.6),(36,856699,4,'2013-01-21','2022-01-21',3.1),(37,144440,26,'2006-03-08','2014-03-08',3.2),(38,365942,6,'2002-01-16','2009-01-16',2.5),(39,241874,13,'2016-08-26','2023-08-26',3.8),(40,863041,39,'2016-12-31','2025-12-31',1.4),(41,170827,8,'2010-05-30','2018-05-30',0.9),(42,596267,8,'2013-10-27','2022-10-27',1.9),(43,983965,35,'2004-08-22','2008-08-22',2.0),(44,745207,9,'2018-02-16','2024-02-16',0.3),(45,810207,10,'2004-12-31','2008-12-31',2.7),(46,280436,14,'2010-09-04','2014-09-04',3.1),(47,82512,3,'2019-01-17','2028-01-17',3.5),(48,173543,8,'2015-05-24','2023-05-24',2.1),(49,212258,22,'2017-03-30','2021-03-30',3.4),(50,299664,43,'2003-12-21','2012-12-21',1.5),(51,797163,4,'2012-02-16','2016-02-16',3.5),(52,438563,5,'2002-11-27','2009-11-27',4.2),(53,389331,12,'2004-12-28','2012-12-28',4.2),(54,557888,9,'2000-12-07','2008-12-07',2.1),(55,5568,18,'2019-12-27','2027-12-27',2.8),(56,217804,46,'2013-10-02','2021-10-02',3.3),(57,502926,22,'2000-07-27','2005-07-27',4.3),(58,174365,6,'2014-04-12','2018-04-12',4.4),(59,591032,2,'2007-01-01','2011-01-01',3.1),(60,836355,47,'2014-07-08','2022-07-08',2.9),(61,515231,37,'2012-04-30','2018-04-30',4.8),(62,87246,46,'2014-05-15','2022-05-15',2.0),(63,669234,41,'2016-09-14','2025-09-14',2.4),(64,161685,18,'2008-05-31','2015-05-31',0.1),(65,99322,46,'2002-01-30','2008-01-30',0.4),(66,500201,25,'2019-06-15','2026-06-15',0.9),(67,360916,11,'2019-12-24','2025-12-24',2.1),(68,929242,27,'2013-02-17','2017-02-17',0.6),(69,88590,12,'2011-02-11','2017-02-11',2.0),(70,879139,13,'2014-07-01','2020-07-01',0.3),(71,81795,9,'2019-09-29','2027-09-29',3.6),(72,670580,46,'2008-02-15','2017-02-15',0.4),(73,99322,27,'2016-10-13','2025-10-13',1.0),(74,950991,9,'2003-06-15','2008-06-15',3.9),(75,348289,42,'2003-02-08','2009-02-08',3.0),(76,449187,10,'2015-04-04','2019-04-04',3.9),(77,745207,28,'2016-09-18','2025-09-18',3.8),(78,735993,29,'2005-04-09','2009-04-09',1.6),(79,281685,37,'2010-05-24','2017-05-24',3.4),(80,950248,36,'2009-04-17','2014-04-17',5.0),(81,415037,46,'2002-10-24','2010-10-24',0.9),(82,78250,26,'2014-01-12','2023-01-12',4.3),(83,345219,16,'2006-08-22','2010-08-22',1.8),(84,590074,22,'2012-04-23','2021-04-23',0.2),(85,631170,41,'2005-08-19','2010-08-19',2.8),(86,95624,13,'2018-05-03','2027-05-03',4.5),(87,121270,45,'2014-09-20','2023-09-20',3.0),(88,316666,32,'2002-07-14','2010-07-14',3.7),(89,661935,29,'2005-05-18','2009-05-18',3.4),(90,881899,12,'2001-11-18','2007-11-18',4.6),(91,13433,44,'2005-03-28','2012-03-28',0.1),(92,887720,40,'2008-05-12','2012-05-12',4.5),(93,121270,31,'2007-07-28','2012-07-28',4.6),(94,219426,20,'2019-11-21','2024-11-21',4.9),(95,450083,47,'2006-08-15','2014-08-15',2.8),(96,863041,38,'2012-10-28','2019-10-28',4.0),(97,926960,26,'2007-03-23','2013-03-23',4.8),(98,421716,45,'2011-09-07','2015-09-07',2.1),(99,62275,30,'2019-07-31','2026-07-31',1.5),(100,422031,24,'2010-11-30','2019-11-30',2.7),(101,583923,36,'2004-06-07','2010-06-07',3.4),(102,951161,20,'2000-01-22','2009-01-22',4.2),(103,394317,20,'2005-01-23','2013-01-23',0.5),(104,78250,32,'2003-06-15','2010-06-15',1.7),(105,881899,41,'2019-07-03','2028-07-03',1.9),(106,241874,13,'2007-02-09','2014-02-09',4.9),(107,611462,31,'2002-01-23','2009-01-23',2.3),(108,424266,22,'2013-01-09','2022-01-09',1.9),(109,214493,11,'2006-05-30','2012-05-30',1.4),(110,829674,2,'2001-01-30','2007-01-30',5.0),(111,180509,4,'2013-08-01','2019-08-01',0.1),(112,121270,45,'2017-07-01','2022-07-01',4.6),(113,887720,36,'2013-01-15','2020-01-15',3.1),(114,753519,6,'2010-11-02','2019-11-02',3.3),(115,758054,24,'2014-10-24','2022-10-24',1.8),(116,99322,6,'2012-05-29','2016-05-29',1.8),(117,756733,47,'2012-10-01','2016-10-01',3.6),(118,9754,2,'2004-12-25','2008-12-25',2.9),(119,459181,4,'2014-07-11','2023-07-11',1.0),(120,482630,11,'2007-07-13','2012-07-13',1.4),(121,9304,31,'2010-03-26','2018-03-26',1.0),(122,543004,29,'2015-05-07','2020-05-07',4.3),(123,206228,43,'2011-06-13','2016-06-13',4.0),(124,369846,19,'2001-07-29','2005-07-29',3.8),(125,721148,2,'2016-11-22','2025-11-22',0.2),(126,459181,40,'2009-01-02','2013-01-02',1.6),(127,398194,27,'2004-04-19','2008-04-19',4.4),(128,863041,34,'2000-11-07','2007-11-07',4.4),(129,613007,7,'2012-02-12','2018-02-12',0.5),(130,591032,26,'2006-03-19','2011-03-19',2.3),(131,414383,15,'2009-11-21','2013-11-21',4.4),(132,87246,1,'2003-05-27','2008-05-27',2.9),(133,180509,32,'2005-03-02','2012-03-02',4.7),(134,761368,6,'2001-08-04','2008-08-04',3.1),(135,815391,25,'2007-10-18','2011-10-18',1.3),(136,62275,3,'2000-09-19','2006-09-19',4.6),(137,721148,44,'2007-02-05','2011-02-05',0.5),(138,348289,15,'2008-06-16','2016-06-16',3.6),(139,161685,10,'2004-12-04','2008-12-04',2.4),(140,161792,20,'2005-09-14','2014-09-14',0.1),(141,926960,14,'2003-04-02','2011-04-02',1.6),(142,735993,8,'2006-03-17','2013-03-17',0.2),(143,788537,26,'2008-11-02','2012-11-02',0.2),(144,613007,31,'2019-08-09','2027-08-09',4.8),(145,170827,10,'2009-09-29','2016-09-29',1.1),(146,914707,27,'2010-04-15','2019-04-15',4.7),(147,621100,8,'2019-11-16','2023-11-16',4.1),(148,472918,1,'2012-04-16','2019-04-16',1.2),(149,227399,14,'2006-10-06','2015-10-06',4.4),(150,607417,34,'2009-02-23','2016-02-23',4.4),(151,482630,19,'2009-05-12','2017-05-12',0.2),(152,914707,8,'2001-12-31','2007-12-31',3.6),(153,496078,30,'2007-03-01','2014-03-01',0.9),(154,241874,45,'2019-03-04','2024-03-04',1.7),(155,699245,15,'2000-03-15','2004-03-15',4.9),(156,832720,13,'2018-08-15','2026-08-15',3.3),(157,251417,27,'2004-04-07','2008-04-07',4.2),(158,570496,32,'2018-07-10','2022-07-10',3.6),(159,973686,22,'2006-09-04','2012-09-04',2.2),(160,245386,28,'2014-01-25','2019-01-25',4.9),(161,281685,24,'2005-02-09','2010-02-09',4.4),(162,385266,14,'2008-11-24','2015-11-24',2.4),(163,424008,25,'2014-01-26','2018-01-26',1.5),(164,424008,9,'2005-05-21','2011-05-21',1.9),(165,421716,29,'2011-02-04','2018-02-04',3.1),(166,782881,19,'2002-01-18','2010-01-18',0.2),(167,121270,21,'2004-05-13','2013-05-13',0.6),(168,643474,26,'2013-12-11','2017-12-11',3.3),(169,699245,40,'2017-09-21','2023-09-21',2.3),(170,951161,40,'2001-05-31','2010-05-31',2.6),(171,570496,39,'2014-08-21','2018-08-21',2.0),(172,79995,3,'2012-11-04','2016-11-04',0.7),(173,450083,20,'2012-06-10','2020-06-10',3.6),(174,596267,30,'2008-07-31','2017-07-31',3.5),(175,797163,9,'2010-06-26','2017-06-26',4.9),(176,739818,25,'2007-03-15','2016-03-15',1.3),(177,423670,41,'2013-02-09','2020-02-09',3.3),(178,422031,5,'2014-04-01','2021-04-01',4.1),(179,386751,25,'2006-01-21','2010-01-21',2.2),(180,810207,26,'2019-11-07','2026-11-07',1.1),(181,631170,15,'2004-07-04','2010-07-04',2.5),(182,479798,19,'2004-09-14','2011-09-14',2.7),(183,922716,11,'2014-08-16','2018-08-16',0.3),(184,929253,9,'2002-10-30','2009-10-30',1.2),(185,424008,1,'2011-08-09','2016-08-09',1.2),(186,592134,35,'2011-11-27','2016-11-27',2.8),(187,472918,38,'2019-03-16','2023-03-16',4.2),(188,590074,2,'2014-12-01','2019-12-01',4.4),(189,5568,39,'2014-10-25','2018-10-25',0.3),(190,926960,2,'2002-06-26','2008-06-26',4.3),(191,386751,16,'2018-09-02','2022-09-02',3.7),(192,409744,8,'2006-09-13','2012-09-13',2.1),(193,299664,27,'2012-01-12','2020-01-12',0.4),(194,450083,8,'2001-06-27','2005-06-27',2.1),(195,449369,31,'2014-02-15','2019-02-15',1.3),(196,950248,35,'2009-12-31','2017-12-31',0.0),(197,449369,10,'2018-07-20','2025-07-20',1.6),(198,856889,45,'2014-01-02','2021-01-02',3.7),(199,215231,17,'2019-07-20','2027-07-20',2.3),(200,431198,7,'2005-10-23','2009-10-23',2.0);
/*!40000 ALTER TABLE `graduate_has_program` ENABLE KEYS */;
UNLOCK TABLES;

--
-- Table structure for table `graduate_takes_servicestograduates`
--

DROP TABLE IF EXISTS `graduate_takes_servicestograduates`;
/*!40101 SET @saved_cs_client     = @@character_set_client */;
/*!50503 SET character_set_client = utf8mb4 */;
CREATE TABLE `graduate_takes_servicestograduates` (
  `idGraduate` int NOT NULL,
  `idServicesToGraduates` int NOT NULL,
  `taken_service_date` date NOT NULL,
  KEY `fk_Graduate_has_ServicesToGraduates_ServicesToGraduates1_idx` (`idServicesToGraduates`),
  KEY `fk_Graduate_has_ServicesToGraduates_Graduate1_idx` (`idGraduate`),
  CONSTRAINT `fk_Graduate_has_ServicesToGraduates_Graduate1` FOREIGN KEY (`idGraduate`) REFERENCES `graduate` (`idGraduate`),
  CONSTRAINT `fk_Graduate_has_ServicesToGraduates_ServicesToGraduates1` FOREIGN KEY (`idServicesToGraduates`) REFERENCES `servicestograduates` (`idServicesToGraduates`)
) ENGINE=InnoDB DEFAULT CHARSET=utf8mb3;
/*!40101 SET character_set_client = @saved_cs_client */;

--
-- Dumping data for table `graduate_takes_servicestograduates`
--

LOCK TABLES `graduate_takes_servicestograduates` WRITE;
/*!40000 ALTER TABLE `graduate_takes_servicestograduates` DISABLE KEYS */;
INSERT INTO `graduate_takes_servicestograduates` VALUES (863041,12,'2023-04-17'),(28156,18,'2023-10-06'),(983965,11,'2022-12-08'),(805938,1,'2023-05-24'),(140371,22,'2022-02-28'),(88590,5,'2022-08-15'),(281685,13,'2022-08-14'),(643474,23,'2023-03-25'),(394317,4,'2022-04-18'),(997313,6,'2023-10-12'),(500201,21,'2022-01-07'),(326347,23,'2022-10-03'),(591032,2,'2023-09-18'),(515231,1,'2022-04-22'),(810207,6,'2022-05-21'),(679009,10,'2023-01-05'),(438563,9,'2023-11-27'),(758054,22,'2022-06-28'),(174365,18,'2022-09-25'),(326347,18,'2022-03-13'),(797163,13,'2022-10-13'),(100203,17,'2023-04-29'),(879139,10,'2022-04-10'),(777208,11,'2023-05-22'),(983965,19,'2022-02-13'),(46782,18,'2022-06-07'),(245386,14,'2023-10-21'),(706634,7,'2023-09-21'),(76296,1,'2023-03-16'),(306820,18,'2022-11-08');
/*!40000 ALTER TABLE `graduate_takes_servicestograduates` ENABLE KEYS */;
UNLOCK TABLES;

--
-- Table structure for table `groupassociation`
--

DROP TABLE IF EXISTS `groupassociation`;
/*!40101 SET @saved_cs_client     = @@character_set_client */;
/*!50503 SET character_set_client = utf8mb4 */;
CREATE TABLE `groupassociation` (
  `idGroupAssociation` int NOT NULL AUTO_INCREMENT,
  `type` enum('Seminary','Student Group','Research Group','Other') NOT NULL,
  `name` varchar(45) NOT NULL,
  `knowledge_area` varchar(45) NOT NULL,
  PRIMARY KEY (`idGroupAssociation`)
) ENGINE=InnoDB AUTO_INCREMENT=21 DEFAULT CHARSET=utf8mb3;
/*!40101 SET character_set_client = @saved_cs_client */;

--
-- Dumping data for table `groupassociation`
--

LOCK TABLES `groupassociation` WRITE;
/*!40000 ALTER TABLE `groupassociation` DISABLE KEYS */;
INSERT INTO `groupassociation` VALUES (1,'Seminary','Data Science Seminar','Data Science'),(2,'Student Group','Engineering Student Council','Engineering'),(3,'Research Group','Advanced Materials Research Group','Materials Science'),(4,'Other','Entrepreneurship Club','Business'),(5,'Seminary','Artificial Intelligence Forum','Computer Science'),(6,'Student Group','Biomedical Engineering Society','Biomedical Engineering'),(7,'Research Group','Environmental Sustainability Research Team','Environmental Science'),(8,'Other','Women in STEM','STEM'),(9,'Seminary','Economics Discussion Group','Economics'),(10,'Student Group','Chemical Engineering Association','Chemical Engineering'),(11,'Research Group','Psychology Research Collective','Psychology'),(12,'Other','Literary Society','Literature'),(13,'Seminary','Urban Planning Seminar Series','Urban Planning'),(14,'Student Group','Cultural Anthropology Club','Anthropology'),(15,'Research Group','Cancer Research Consortium','Oncology'),(16,'Other','International Relations Forum','Political Science'),(17,'Seminary','Music Appreciation Society','Music'),(18,'Student Group','Dance Performance Troupe','Dance'),(19,'Research Group','Archaeology Field Team','Archaeology'),(20,'Other','Film Studies Club','Film');
/*!40000 ALTER TABLE `groupassociation` ENABLE KEYS */;
UNLOCK TABLES;

--
-- Table structure for table `job`
--

DROP TABLE IF EXISTS `job`;
/*!40101 SET @saved_cs_client     = @@character_set_client */;
/*!50503 SET character_set_client = utf8mb4 */;
CREATE TABLE `job` (
  `idJob` int NOT NULL AUTO_INCREMENT,
  `type` enum('Entrepeneur','Contractort','Employeed','Unemployeed') DEFAULT NULL,
  `salary` int DEFAULT NULL,
  `start_date` date NOT NULL,
  `final_date` date DEFAULT NULL,
  `work_area` varchar(45) DEFAULT NULL,
  `position` varchar(100) DEFAULT NULL,
  `location` varchar(45) DEFAULT NULL,
  `idCompany` int NOT NULL,
  `idGraduate` int NOT NULL,
  `idEmploymentOffer` int DEFAULT NULL,
  PRIMARY KEY (`idJob`),
  KEY `fk_Job_Company1_idx` (`idCompany`),
  KEY `fk_Job_Graduate1_idx` (`idGraduate`),
  KEY `fk_Job_EmploymentOffer1_idx` (`idEmploymentOffer`),
  CONSTRAINT `fk_Job_Company1` FOREIGN KEY (`idCompany`) REFERENCES `company` (`idCompany`),
  CONSTRAINT `fk_Job_EmploymentOffer1` FOREIGN KEY (`idEmploymentOffer`) REFERENCES `employmentoffer` (`idEmploymentOffer`),
  CONSTRAINT `fk_Job_Graduate1` FOREIGN KEY (`idGraduate`) REFERENCES `graduate` (`idGraduate`)
) ENGINE=InnoDB AUTO_INCREMENT=17 DEFAULT CHARSET=utf8mb3;
/*!40101 SET character_set_client = @saved_cs_client */;

--
-- Dumping data for table `job`
--

LOCK TABLES `job` WRITE;
/*!40000 ALTER TABLE `job` DISABLE KEYS */;
INSERT INTO `job` VALUES (1,'Employeed',1647899,'2024-05-04','2024-09-25','Software Development','Software Engineer','City A',1,374374,11),(2,'Entrepeneur',1865569,'2024-07-11',NULL,'Finance','Financial Analyst','City B',2,95624,6),(3,'Contractort',2345651,'2024-01-12',NULL,'Technology','IT Consultant','City C',3,771555,5),(4,'Employeed',1756420,'2024-07-16','2024-07-28','Law','Legal Assistant','City D',4,113471,12),(5,'Unemployeed',NULL,'2024-07-20',NULL,NULL,NULL,NULL,5,424008,3),(6,'Employeed',2530117,'2024-07-18','2024-06-10','Consulting','Consultant','City E',6,76296,4),(7,'Employeed',1863860,'2024-07-29','2024-08-04','Healthcare','Nurse','City F',7,479798,2),(8,'Contractort',2903541,'2024-08-30',NULL,'Research','Researcher','City G',8,745818,3),(9,'Employeed',2493440,'2024-03-17','2024-10-23','Education','Teacher','City H',9,316666,1),(10,'Entrepeneur',1749762,'2024-01-01',NULL,'Engineering','Engineering Consultant','City I',10,121270,5),(11,'Employeed',1852497,'2024-01-30','2024-02-13','Marketing','Marketing Manager','City J',11,881899,10),(12,'Employeed',1460831,'2024-10-20','2024-05-02','Healthcare','Physician','City K',12,170827,1),(13,'Contractort',2204839,'2024-11-29',NULL,'Finance','Financial Advisor','City L',13,482750,4),(14,'Employeed',2780149,'2024-02-10','2024-11-17','Technology','Software Developer','City M',14,484377,13),(15,'Employeed',2707687,'2024-05-27','2024-06-15','Engineering','Engineer','City N',15,482630,4),(16,'Entrepeneur',2618884,'2024-06-06',NULL,'Marketing','Entrepreneur','City O',16,297188,9);
/*!40000 ALTER TABLE `job` ENABLE KEYS */;
UNLOCK TABLES;

--
-- Table structure for table `program`
--

DROP TABLE IF EXISTS `program`;
/*!40101 SET @saved_cs_client     = @@character_set_client */;
/*!50503 SET character_set_client = utf8mb4 */;
CREATE TABLE `program` (
  `idProgram` int NOT NULL AUTO_INCREMENT,
  `academic_lvl` enum('Undergraduate','Graduate','Doctorate') NOT NULL,
  `program_name` varchar(145) NOT NULL,
  `duration` varchar(45) DEFAULT NULL,
  `idDepartment` int NOT NULL,
  PRIMARY KEY (`idProgram`),
  KEY `fk_Program_Department1_idx` (`idDepartment`),
  CONSTRAINT `fk_Program_Department1` FOREIGN KEY (`idDepartment`) REFERENCES `department` (`idDepartment`)
) ENGINE=InnoDB AUTO_INCREMENT=48 DEFAULT CHARSET=utf8mb3;
/*!40101 SET character_set_client = @saved_cs_client */;

--
-- Dumping data for table `program`
--

LOCK TABLES `program` WRITE;
/*!40000 ALTER TABLE `program` DISABLE KEYS */;
INSERT INTO `program` VALUES (1,'Undergraduate','Bachelor of Science in Computer Science','4 years',1),(2,'Graduate','Master of Business Administration','2 years',2),(3,'Graduate','Master of Arts in English Literature','2 years',3),(4,'Doctorate','Ph.D. in Electrical Engineering','5 years',4),(5,'Undergraduate','Bachelor of Arts in Economics','4 years',5),(6,'Graduate','Master of Science in Environmental Science','2 years',6),(7,'Graduate','Master of Public Health','2 years',7),(8,'Doctorate','Ph.D. in Political Science','5 years',8),(9,'Undergraduate','Bachelor of Fine Arts in Theater','4 years',9),(10,'Graduate','Master of Music in Performance','2 years',10),(11,'Undergraduate','Bachelor of Science in Physics','4 years',11),(12,'Graduate','Master of Science in Chemistry','2 years',12),(13,'Graduate','Master of Education in Teaching','2 years',13),(14,'Doctorate','Ph.D. in History','5 years',14),(15,'Undergraduate','Bachelor of Arts in Psychology','4 years',15),(16,'Graduate','Master of Science in Mathematics','2 years',16),(17,'Graduate','Master of Social Work','2 years',17),(18,'Doctorate','Ph.D. in Sociology','5 years',18),(19,'Undergraduate','Bachelor of Science in Biology','4 years',19),(20,'Graduate','Master of Arts in Linguistics','2 years',20),(21,'Graduate','Master of Engineering in Civil Engineering','2 years',21),(22,'Doctorate','Ph.D. in Philosophy','5 years',22),(23,'Undergraduate','Bachelor of Arts in History','4 years',23),(24,'Graduate','Master of Science in Computer Engineering','2 years',24),(25,'Graduate','Master of Fine Arts in Creative Writing','2 years',25),(26,'Doctorate','Ph.D. in Biochemistry','5 years',26),(27,'Undergraduate','Bachelor of Science in Nursing','4 years',27),(28,'Graduate','Master of Arts in International Relations','2 years',28),(29,'Graduate','Master of Engineering in Mechanical Engineering','2 years',29),(30,'Doctorate','Ph.D. in Economics','5 years',30),(31,'Undergraduate','Bachelor of Arts in Sociology','4 years',31),(32,'Graduate','Master of Science in Information Technology','2 years',32),(33,'Graduate','Master of Public Administration','2 years',33),(34,'Doctorate','Ph.D. in Public Health','5 years',34),(35,'Undergraduate','Bachelor of Science in Environmental Science','4 years',35),(36,'Graduate','Master of Arts in Anthropology','2 years',36),(37,'Graduate','Master of Engineering in Electrical Engineering','2 years',37),(38,'Doctorate','Ph.D. in Political Science','5 years',38),(39,'Undergraduate','Bachelor of Arts in Communication Studies','4 years',39),(40,'Graduate','Master of Science in Biotechnology','2 years',40),(41,'Graduate','Master of Education in Counseling','2 years',41),(42,'Doctorate','Ph.D. in Psychology','5 years',42),(43,'Undergraduate','Bachelor of Science in Chemistry','4 years',43),(44,'Graduate','Master of Arts in Economics','2 years',44),(45,'Graduate','Master of Engineering in Computer Engineering','2 years',45),(46,'Doctorate','Ph.D. in Sociology','5 years',46),(47,'Undergraduate','Bachelor of Arts in English Literature','4 years',47);
/*!40000 ALTER TABLE `program` ENABLE KEYS */;
UNLOCK TABLES;

--
-- Table structure for table `publication`
--

DROP TABLE IF EXISTS `publication`;
/*!40101 SET @saved_cs_client     = @@character_set_client */;
/*!50503 SET character_set_client = utf8mb4 */;
CREATE TABLE `publication` (
  `idPublication` int NOT NULL AUTO_INCREMENT,
  `journal` varchar(45) DEFAULT NULL,
  `dateOfPublication` date DEFAULT NULL,
  `Knowledge_area` varchar(45) DEFAULT NULL,
  `idResearchWork` int DEFAULT NULL,
  PRIMARY KEY (`idPublication`),
  KEY `fk_Publication_ResearchWork1_idx` (`idResearchWork`),
  CONSTRAINT `fk_Publication_ResearchWork1` FOREIGN KEY (`idResearchWork`) REFERENCES `researchwork` (`idResearchWork`)
) ENGINE=InnoDB AUTO_INCREMENT=41 DEFAULT CHARSET=utf8mb3;
/*!40101 SET character_set_client = @saved_cs_client */;

--
-- Dumping data for table `publication`
--

LOCK TABLES `publication` WRITE;
/*!40000 ALTER TABLE `publication` DISABLE KEYS */;
INSERT INTO `publication` VALUES (31,'Journal of Environmental Science','2023-06-15','Environmental Science',1),(32,'International Journal of Medicine','2023-07-01','Medicine',2),(33,'Journal of Renewable Energy','2023-07-10','Renewable Energy',3),(34,'Urban Studies Journal','2023-07-20','Urban Planning',4),(35,'Agricultural Research Journal','2023-08-05','Agriculture',NULL),(36,'IEEE Transactions on Biomedical Engineering','2023-08-15','Biomedical Engineering',NULL),(37,'Harvard Business Review','2023-09-01','Business',NULL),(38,'Journal of Cybersecurity','2023-09-10','Cybersecurity',8),(39,'International Journal of Workforce Management','2023-09-20','Human Resources',9),(40,'Nature Communications','2023-10-01','Interdisciplinary Science',10);
/*!40000 ALTER TABLE `publication` ENABLE KEYS */;
UNLOCK TABLES;

--
-- Table structure for table `researchwork`
--

DROP TABLE IF EXISTS `researchwork`;
/*!40101 SET @saved_cs_client     = @@character_set_client */;
/*!50503 SET character_set_client = utf8mb4 */;
CREATE TABLE `researchwork` (
  `idResearchWork` int NOT NULL AUTO_INCREMENT,
  `type` enum('Article','Presentation','Other') NOT NULL,
  `professor` varchar(45) DEFAULT NULL,
  `title` varchar(200) NOT NULL,
  `idGroupAssociation` int DEFAULT NULL,
  `idDegreeWork` int DEFAULT NULL,
  `defense_date` date DEFAULT NULL,
  PRIMARY KEY (`idResearchWork`),
  KEY `fk_ResearchWork_GroupAssociation1_idx` (`idGroupAssociation`),
  KEY `fk_ResearchWork_DegreeWork1_idx` (`idDegreeWork`),
  CONSTRAINT `fk_ResearchWork_DegreeWork1` FOREIGN KEY (`idDegreeWork`) REFERENCES `degreework` (`idDegreeWork`),
  CONSTRAINT `fk_ResearchWork_GroupAssociation1` FOREIGN KEY (`idGroupAssociation`) REFERENCES `groupassociation` (`idGroupAssociation`)
) ENGINE=InnoDB AUTO_INCREMENT=16 DEFAULT CHARSET=utf8mb3;
/*!40101 SET character_set_client = @saved_cs_client */;

--
-- Dumping data for table `researchwork`
--

LOCK TABLES `researchwork` WRITE;
/*!40000 ALTER TABLE `researchwork` DISABLE KEYS */;
INSERT INTO `researchwork` VALUES (1,'Article','Dr. Smith','Exploring the Impact of Climate Change on Biodiversity',1,NULL,'2023-07-10'),(2,'Article','Dr. Johnson','The Role of Artificial Intelligence in Healthcare',2,NULL,'2023-07-15'),(3,'Article','Dr. Williams','Advancements in Renewable Energy Technologies',3,NULL,'2023-07-20'),(4,'Article','Dr. Brown','Urban Resilience Strategies for Climate Adaptation',4,NULL,'2023-07-25'),(5,'Article','Dr. Davis','Exploring Sustainable Agriculture Practices',5,NULL,'2023-07-30'),(6,'Presentation','Dr. Martinez','Innovations in Biomedical Engineering',NULL,NULL,'2023-08-05'),(7,'Presentation','Dr. Rodriguez','Data-driven Decision Making in Business',NULL,NULL,'2023-08-10'),(8,'Presentation','Dr. Garcia','Smart Cities: Urban Innovations for the Future',NULL,NULL,'2023-08-15'),(9,'Presentation','Dr. Hernandez','Cybersecurity Challenges in the Digital Age',NULL,NULL,'2023-08-20'),(10,'Presentation','Dr. Gonzalez','The Future of Work: Trends and Transformations',NULL,NULL,'2023-08-25'),(11,'Other',NULL,'Research Proposal: Investigating Quantum Computing Applications',NULL,1,'2023-09-01'),(12,'Other',NULL,'Literature Review: Emerging Trends in Machine Learning',NULL,2,'2023-09-05'),(13,'Other',NULL,'Case Study Analysis: Sustainable Urban Development Projects',NULL,3,'2023-09-10'),(14,'Other',NULL,'Policy Brief: Addressing Global Health Challenges',NULL,4,'2023-09-15'),(15,'Other',NULL,'Experimental Study: Evaluating the Efficacy of Novel Drug Formulations',NULL,5,'2023-09-20');
/*!40000 ALTER TABLE `researchwork` ENABLE KEYS */;
UNLOCK TABLES;

--
-- Table structure for table `researchwork_has_graduate`
--

DROP TABLE IF EXISTS `researchwork_has_graduate`;
/*!40101 SET @saved_cs_client     = @@character_set_client */;
/*!50503 SET character_set_client = utf8mb4 */;
CREATE TABLE `researchwork_has_graduate` (
  `idResearchWork` int NOT NULL,
  `idGraduate` int NOT NULL,
  PRIMARY KEY (`idResearchWork`,`idGraduate`),
  KEY `fk_ResearchWork_has_Graduate_Graduate1_idx` (`idGraduate`),
  KEY `fk_ResearchWork_has_Graduate_ResearchWork1_idx` (`idResearchWork`),
  CONSTRAINT `fk_ResearchWork_has_Graduate_Graduate1` FOREIGN KEY (`idGraduate`) REFERENCES `graduate` (`idGraduate`),
  CONSTRAINT `fk_ResearchWork_has_Graduate_ResearchWork1` FOREIGN KEY (`idResearchWork`) REFERENCES `researchwork` (`idResearchWork`)
) ENGINE=InnoDB DEFAULT CHARSET=utf8mb3;
/*!40101 SET character_set_client = @saved_cs_client */;

--
-- Dumping data for table `researchwork_has_graduate`
--

LOCK TABLES `researchwork_has_graduate` WRITE;
/*!40000 ALTER TABLE `researchwork_has_graduate` DISABLE KEYS */;
INSERT INTO `researchwork_has_graduate` VALUES (7,227399),(3,245386),(1,297188),(2,482750),(4,547657),(8,621100),(6,704363),(1,745207),(9,832720),(5,898191);
/*!40000 ALTER TABLE `researchwork_has_graduate` ENABLE KEYS */;
UNLOCK TABLES;

--
-- Table structure for table `servicestograduates`
--

DROP TABLE IF EXISTS `servicestograduates`;
/*!40101 SET @saved_cs_client     = @@character_set_client */;
/*!50503 SET character_set_client = utf8mb4 */;
CREATE TABLE `servicestograduates` (
  `idServicesToGraduates` int NOT NULL AUTO_INCREMENT,
  `type` enum('Curso','Charla','Prstamo de material bibliogrfico','Bases de datos','Oferta de empleo') NOT NULL,
  `description` varchar(500) NOT NULL,
  `knowledge_area` varchar(45) DEFAULT NULL,
  `location` varchar(145) DEFAULT NULL,
  `value` int DEFAULT NULL,
  `start_date` date DEFAULT NULL,
  `final_date` date DEFAULT NULL,
  `idAdministrativeDependency` int DEFAULT NULL,
  `idDepartment` int DEFAULT NULL,
  `idGroupAssociation` int DEFAULT NULL,
  PRIMARY KEY (`idServicesToGraduates`),
  KEY `fk_ServicesToGraduates_AdministrativeDependency1_idx` (`idAdministrativeDependency`),
  KEY `fk_ServicesToGraduates_Department1_idx` (`idDepartment`),
  KEY `fk_ServicesToGraduates_GroupAssociation1_idx` (`idGroupAssociation`),
  CONSTRAINT `fk_ServicesToGraduates_AdministrativeDependency1` FOREIGN KEY (`idAdministrativeDependency`) REFERENCES `administrativedependency` (`idAdministrativeDependency`),
  CONSTRAINT `fk_ServicesToGraduates_Department1` FOREIGN KEY (`idDepartment`) REFERENCES `department` (`idDepartment`),
  CONSTRAINT `fk_ServicesToGraduates_GroupAssociation1` FOREIGN KEY (`idGroupAssociation`) REFERENCES `groupassociation` (`idGroupAssociation`)
) ENGINE=InnoDB AUTO_INCREMENT=24 DEFAULT CHARSET=utf8mb3;
/*!40101 SET character_set_client = @saved_cs_client */;

--
-- Dumping data for table `servicestograduates`
--

LOCK TABLES `servicestograduates` WRITE;
/*!40000 ALTER TABLE `servicestograduates` DISABLE KEYS */;
INSERT INTO `servicestograduates` VALUES (1,'Oferta de empleo','Oportunidad de empleo como ingeniero de software','Ingeniera de Software','Harvard University',150000,'2024-05-10','2024-05-20',1,1,1),(2,'Curso','Curso avanzado de finanzas corporativas','Finanzas','Harvard Business School',250,'2024-06-15','2024-06-20',2,2,2),(3,'Charla','Charla sobre inteligencia artificial y sus aplicaciones','Inteligencia Artificial','Harvard School of Engineering and Applied Sciences',NULL,'2024-07-20',NULL,3,3,3),(4,'Prstamo de material bibliogrfico','Prstamo de libros de derecho constitucional','Derecho','Harvard Law School',NULL,'2024-08-25',NULL,4,4,4),(5,'Bases de datos','Acceso a bases de datos cientficas','Ciencia de Datos','Harvard Department of Physics',NULL,'2024-09-30',NULL,5,5,5),(6,'Curso','Curso intensivo de programacin en Python','Programacin','Stanford School of Engineering',120000,'2024-05-12','2024-05-15',6,6,6),(7,'Charla','Charla sobre medicina personalizada','Medicina','Stanford School of Medicine',NULL,'2024-06-18',NULL,7,7,7),(8,'Prstamo de material bibliogrfico','Prstamo de libros de filosofa','Filosofa','Stanford Department of Philosophy',NULL,'2024-07-22',NULL,8,8,8),(9,'Bases de datos','Acceso a bases de datos de educacin','Educacin','Stanford Graduate School of Education',NULL,'2024-08-28',NULL,9,9,9),(10,'Oferta de empleo','Oportunidad de empleo como cirujano','Medicina','Stanford Department of Surgery',80000,'2024-09-25','2024-10-25',10,10,10),(11,'Charla','Charla sobre energas renovables','Energas Renovables','MIT Department of Mechanical Engineering',NULL,'2024-05-15',NULL,1,11,1),(12,'Prstamo de material bibliogrfico','Prstamo de libros de qumica orgnica','Qumica','MIT Department of Chemistry',NULL,'2024-06-20',NULL,2,12,2),(13,'Bases de datos','Acceso a bases de datos de planificacin urbana','Planificacin Urbana','MIT Department of Urban Studies and Planning',NULL,'2024-07-25',NULL,3,13,3),(14,'Oferta de empleo','Oportunidad de empleo como consultor de gestin','Gestin','MIT Sloan School of Management',60000,'2024-08-30','2024-09-30',4,14,4),(15,'Curso','Curso de lingstica computacional','Lingstica','MIT Department of Linguistics and Philosophy',300,'2024-09-28','2024-10-05',5,15,5),(16,'Charla','Charla sobre derecho internacional','Derecho Internacional','University of Oxford Faculty of Law',NULL,'2024-05-18',NULL,6,16,6),(17,'Prstamo de material bibliogrfico','Prstamo de libros de biologa','Biologa','University of Oxford Department of Zoology',NULL,'2024-06-22',NULL,7,17,7),(18,'Bases de datos','Acceso a bases de datos de psiquiatra','Psiquiatra','University of Oxford Department of Psychiatry',NULL,'2024-07-27',NULL,8,18,8),(19,'Oferta de empleo','Oportunidad de empleo como economista','Economa','University of Oxford Department of Economics',55000,'2024-08-31','2024-09-30',9,19,9),(20,'Curso','Curso de literatura inglesa','Literatura Inglesa','University of Oxford Faculty of English Language and Literature',200,'2024-09-29','2024-10-03',10,20,10),(21,'Curso','Curso de gentica avanzada','Gentica','University of Cambridge Department of Genetics',300,'2024-05-20','2024-05-30',1,21,1),(22,'Charla','Charla sobre el universo y la astrofsica','Astrofsica','University of Cambridge Institute of Astronomy',NULL,'2024-06-25',NULL,2,22,2),(23,'Prstamo de material bibliogrfico','Prstamo de libros de matemticas aplicadas','Matemticas','University of Cambridge Department of Applied Mathematics and Theoretical Physics',NULL,'2024-07-30',NULL,3,23,3);
/*!40000 ALTER TABLE `servicestograduates` ENABLE KEYS */;
UNLOCK TABLES;

--
-- Table structure for table `studentsupport`
--

DROP TABLE IF EXISTS `studentsupport`;
/*!40101 SET @saved_cs_client     = @@character_set_client */;
/*!50503 SET character_set_client = utf8mb4 */;
CREATE TABLE `studentsupport` (
  `idStudentSupport` int NOT NULL AUTO_INCREMENT,
  `isExternal` tinyint DEFAULT NULL,
  `isMonetaryRetributed` tinyint DEFAULT NULL,
  `type` enum('SocioEconmico vivienda','SocioEconmico transporte','SocioEconmico alimentacin','Beca promedio','Auxiliar docente','Movilidad saliente internacional','Publicacin de artculos acadmicos','Estudiante auxiliar','Monitor') DEFAULT NULL,
  `Graduate_idGraduate` int DEFAULT NULL,
  `idAdministrativeDependency` int NOT NULL,
  `idDepartment` int DEFAULT NULL,
  PRIMARY KEY (`idStudentSupport`),
  KEY `fk_StudentSupport_Graduate1_idx` (`Graduate_idGraduate`),
  KEY `fk_StudentSupport_AdministrativeDependency1_idx` (`idAdministrativeDependency`),
  KEY `fk_StudentSupport_Department1_idx` (`idDepartment`),
  CONSTRAINT `fk_StudentSupport_AdministrativeDependency1` FOREIGN KEY (`idAdministrativeDependency`) REFERENCES `administrativedependency` (`idAdministrativeDependency`),
  CONSTRAINT `fk_StudentSupport_Department1` FOREIGN KEY (`idDepartment`) REFERENCES `department` (`idDepartment`),
  CONSTRAINT `fk_StudentSupport_Graduate1` FOREIGN KEY (`Graduate_idGraduate`) REFERENCES `graduate` (`idGraduate`)
) ENGINE=InnoDB AUTO_INCREMENT=16 DEFAULT CHARSET=utf8mb3;
/*!40101 SET character_set_client = @saved_cs_client */;

--
-- Dumping data for table `studentsupport`
--

LOCK TABLES `studentsupport` WRITE;
/*!40000 ALTER TABLE `studentsupport` DISABLE KEYS */;
INSERT INTO `studentsupport` VALUES (1,1,1,'SocioEconmico vivienda',745207,1,NULL),(2,0,1,'Beca promedio',297188,2,NULL),(3,1,0,'Estudiante auxiliar',482750,3,NULL),(4,0,0,'Auxiliar docente',245386,4,NULL),(5,1,1,'SocioEconmico transporte',547657,5,NULL),(6,0,1,'Monitor',898191,6,NULL),(7,1,0,'Estudiante auxiliar',704363,7,NULL),(8,0,0,'Publicacin de artculos acadmicos',227399,8,NULL),(9,1,1,'SocioEconmico alimentacin',621100,9,NULL),(10,0,1,'Beca promedio',832720,10,NULL),(11,1,0,'Estudiante auxiliar',889093,1,NULL),(12,0,0,'Auxiliar docente',591032,2,NULL),(13,1,1,'Movilidad saliente internacional',496078,3,NULL),(14,0,1,'Monitor',415037,4,NULL),(15,1,0,'SocioEconmico vivienda',217804,5,NULL);
/*!40000 ALTER TABLE `studentsupport` ENABLE KEYS */;
UNLOCK TABLES;

--
-- Table structure for table `university`
--

DROP TABLE IF EXISTS `university`;
/*!40101 SET @saved_cs_client     = @@character_set_client */;
/*!50503 SET character_set_client = utf8mb4 */;
CREATE TABLE `university` (
  `idUniversity` int NOT NULL AUTO_INCREMENT,
  `university_name` varchar(150) DEFAULT NULL,
  `campus_name` varchar(45) DEFAULT NULL,
  `country` varchar(45) DEFAULT NULL,
  PRIMARY KEY (`idUniversity`)
) ENGINE=InnoDB AUTO_INCREMENT=21 DEFAULT CHARSET=utf8mb3;
/*!40101 SET character_set_client = @saved_cs_client */;

--
-- Dumping data for table `university`
--

LOCK TABLES `university` WRITE;
/*!40000 ALTER TABLE `university` DISABLE KEYS */;
INSERT INTO `university` VALUES (1,'Harvard University','Main Campus','USA'),(2,'Stanford University','Main Campus','USA'),(3,'Massachusetts Institute of Technology','Main Campus','USA'),(4,'University of Oxford','Main Campus','UK'),(5,'University of Cambridge','Main Campus','UK'),(6,'ETH Zurich - Swiss Federal Institute of Technology','Main Campus','Switzerland'),(7,'National University of Singapore','Main Campus','Singapore'),(8,'University of Toronto','Main Campus','Canada'),(9,'University of Tokyo','Main Campus','Japan'),(10,'University of Melbourne','Main Campus','Australia'),(11,'Peking University','Main Campus','China'),(12,'Sorbonne University','Main Campus','France'),(13,'Heidelberg University','Main Campus','Germany'),(14,'University of So Paulo','Main Campus','Brazil'),(15,'University of Cape Town','Main Campus','South Africa'),(16,'Universidad Nacional de Colombia','Bogota','Colombia'),(17,'Universidad Nacional de Colombia','Medellin','Colombia'),(18,'Universidad Nacional de Colombia','Manizales','Colombia'),(19,'Universidad Nacional de Colombia','Caribe','Colombia'),(20,'Universidad Nacional de Colombia','La Paz','Colombia');
/*!40000 ALTER TABLE `university` ENABLE KEYS */;
UNLOCK TABLES;
/*!40103 SET TIME_ZONE=@OLD_TIME_ZONE */;

/*!40101 SET SQL_MODE=@OLD_SQL_MODE */;
/*!40014 SET FOREIGN_KEY_CHECKS=@OLD_FOREIGN_KEY_CHECKS */;
/*!40014 SET UNIQUE_CHECKS=@OLD_UNIQUE_CHECKS */;
/*!40101 SET CHARACTER_SET_CLIENT=@OLD_CHARACTER_SET_CLIENT */;
/*!40101 SET CHARACTER_SET_RESULTS=@OLD_CHARACTER_SET_RESULTS */;
/*!40101 SET COLLATION_CONNECTION=@OLD_COLLATION_CONNECTION */;
/*!40111 SET SQL_NOTES=@OLD_SQL_NOTES */;

-- Dump completed on 2024-03-03 23:49:35
